name	x	y	z	size	probe_x_um	probe_y_um	contact_shape	shank_electrode_number	location
LF0	n/a	n/a	n/a	n/a	16.0	0.0	square	0	left dorsolateral prefrontal cortex
LF1	n/a	n/a	n/a	n/a	48.0	0.0	square	1	left dorsolateral prefrontal cortex
LF2	n/a	n/a	n/a	n/a	0.0	20.0	square	2	left dorsolateral prefrontal cortex
LF3	n/a	n/a	n/a	n/a	32.0	20.0	square	3	left dorsolateral prefrontal cortex
LF4	n/a	n/a	n/a	n/a	16.0	40.0	square	4	left dorsolateral prefrontal cortex
LF5	n/a	n/a	n/a	n/a	48.0	40.0	square	5	left dorsolateral prefrontal cortex
LF6	n/a	n/a	n/a	n/a	0.0	60.0	square	6	left dorsolateral prefrontal cortex
LF7	n/a	n/a	n/a	n/a	32.0	60.0	square	7	left dorsolateral prefrontal cortex
LF8	n/a	n/a	n/a	n/a	16.0	80.0	square	8	left dorsolateral prefrontal cortex
LF9	n/a	n/a	n/a	n/a	48.0	80.0	square	9	left dorsolateral prefrontal cortex
LF10	n/a	n/a	n/a	n/a	0.0	100.0	square	10	left dorsolateral prefrontal cortex
LF11	n/a	n/a	n/a	n/a	32.0	100.0	square	11	left dorsolateral prefrontal cortex
LF12	n/a	n/a	n/a	n/a	16.0	120.0	square	12	left dorsolateral prefrontal cortex
LF13	n/a	n/a	n/a	n/a	48.0	120.0	square	13	left dorsolateral prefrontal cortex
LF14	n/a	n/a	n/a	n/a	0.0	140.0	square	14	left dorsolateral prefrontal cortex
LF15	n/a	n/a	n/a	n/a	32.0	140.0	square	15	left dorsolateral prefrontal cortex
LF16	n/a	n/a	n/a	n/a	16.0	160.0	square	16	left dorsolateral prefrontal cortex
LF17	n/a	n/a	n/a	n/a	48.0	160.0	square	17	left dorsolateral prefrontal cortex
LF18	n/a	n/a	n/a	n/a	0.0	180.0	square	18	left dorsolateral prefrontal cortex
LF19	n/a	n/a	n/a	n/a	32.0	180.0	square	19	left dorsolateral prefrontal cortex
LF20	n/a	n/a	n/a	n/a	16.0	200.0	square	20	left dorsolateral prefrontal cortex
LF21	n/a	n/a	n/a	n/a	48.0	200.0	square	21	left dorsolateral prefrontal cortex
LF22	n/a	n/a	n/a	n/a	0.0	220.0	square	22	left dorsolateral prefrontal cortex
LF23	n/a	n/a	n/a	n/a	32.0	220.0	square	23	left dorsolateral prefrontal cortex
LF24	n/a	n/a	n/a	n/a	16.0	240.0	square	24	left dorsolateral prefrontal cortex
LF25	n/a	n/a	n/a	n/a	48.0	240.0	square	25	left dorsolateral prefrontal cortex
LF26	n/a	n/a	n/a	n/a	0.0	260.0	square	26	left dorsolateral prefrontal cortex
LF27	n/a	n/a	n/a	n/a	32.0	260.0	square	27	left dorsolateral prefrontal cortex
LF28	n/a	n/a	n/a	n/a	16.0	280.0	square	28	left dorsolateral prefrontal cortex
LF29	n/a	n/a	n/a	n/a	48.0	280.0	square	29	left dorsolateral prefrontal cortex
LF30	n/a	n/a	n/a	n/a	0.0	300.0	square	30	left dorsolateral prefrontal cortex
LF31	n/a	n/a	n/a	n/a	32.0	300.0	square	31	left dorsolateral prefrontal cortex
LF32	n/a	n/a	n/a	n/a	16.0	320.0	square	32	left dorsolateral prefrontal cortex
LF33	n/a	n/a	n/a	n/a	48.0	320.0	square	33	left dorsolateral prefrontal cortex
LF34	n/a	n/a	n/a	n/a	0.0	340.0	square	34	left dorsolateral prefrontal cortex
LF35	n/a	n/a	n/a	n/a	32.0	340.0	square	35	left dorsolateral prefrontal cortex
LF36	n/a	n/a	n/a	n/a	16.0	360.0	square	36	left dorsolateral prefrontal cortex
LF37	n/a	n/a	n/a	n/a	48.0	360.0	square	37	left dorsolateral prefrontal cortex
LF38	n/a	n/a	n/a	n/a	0.0	380.0	square	38	left dorsolateral prefrontal cortex
LF39	n/a	n/a	n/a	n/a	32.0	380.0	square	39	left dorsolateral prefrontal cortex
LF40	n/a	n/a	n/a	n/a	16.0	400.0	square	40	left dorsolateral prefrontal cortex
LF41	n/a	n/a	n/a	n/a	48.0	400.0	square	41	left dorsolateral prefrontal cortex
LF42	n/a	n/a	n/a	n/a	0.0	420.0	square	42	left dorsolateral prefrontal cortex
LF43	n/a	n/a	n/a	n/a	32.0	420.0	square	43	left dorsolateral prefrontal cortex
LF44	n/a	n/a	n/a	n/a	16.0	440.0	square	44	left dorsolateral prefrontal cortex
LF45	n/a	n/a	n/a	n/a	48.0	440.0	square	45	left dorsolateral prefrontal cortex
LF46	n/a	n/a	n/a	n/a	0.0	460.0	square	46	left dorsolateral prefrontal cortex
LF47	n/a	n/a	n/a	n/a	32.0	460.0	square	47	left dorsolateral prefrontal cortex
LF48	n/a	n/a	n/a	n/a	16.0	480.0	square	48	left dorsolateral prefrontal cortex
LF49	n/a	n/a	n/a	n/a	48.0	480.0	square	49	left dorsolateral prefrontal cortex
LF50	n/a	n/a	n/a	n/a	0.0	500.0	square	50	left dorsolateral prefrontal cortex
LF51	n/a	n/a	n/a	n/a	32.0	500.0	square	51	left dorsolateral prefrontal cortex
LF52	n/a	n/a	n/a	n/a	16.0	520.0	square	52	left dorsolateral prefrontal cortex
LF53	n/a	n/a	n/a	n/a	48.0	520.0	square	53	left dorsolateral prefrontal cortex
LF54	n/a	n/a	n/a	n/a	0.0	540.0	square	54	left dorsolateral prefrontal cortex
LF55	n/a	n/a	n/a	n/a	32.0	540.0	square	55	left dorsolateral prefrontal cortex
LF56	n/a	n/a	n/a	n/a	16.0	560.0	square	56	left dorsolateral prefrontal cortex
LF57	n/a	n/a	n/a	n/a	48.0	560.0	square	57	left dorsolateral prefrontal cortex
LF58	n/a	n/a	n/a	n/a	0.0	580.0	square	58	left dorsolateral prefrontal cortex
LF59	n/a	n/a	n/a	n/a	32.0	580.0	square	59	left dorsolateral prefrontal cortex
LF60	n/a	n/a	n/a	n/a	16.0	600.0	square	60	left dorsolateral prefrontal cortex
LF61	n/a	n/a	n/a	n/a	48.0	600.0	square	61	left dorsolateral prefrontal cortex
LF62	n/a	n/a	n/a	n/a	0.0	620.0	square	62	left dorsolateral prefrontal cortex
LF63	n/a	n/a	n/a	n/a	32.0	620.0	square	63	left dorsolateral prefrontal cortex
LF64	n/a	n/a	n/a	n/a	16.0	640.0	square	64	left dorsolateral prefrontal cortex
LF65	n/a	n/a	n/a	n/a	48.0	640.0	square	65	left dorsolateral prefrontal cortex
LF66	n/a	n/a	n/a	n/a	0.0	660.0	square	66	left dorsolateral prefrontal cortex
LF67	n/a	n/a	n/a	n/a	32.0	660.0	square	67	left dorsolateral prefrontal cortex
LF68	n/a	n/a	n/a	n/a	16.0	680.0	square	68	left dorsolateral prefrontal cortex
LF69	n/a	n/a	n/a	n/a	48.0	680.0	square	69	left dorsolateral prefrontal cortex
LF70	n/a	n/a	n/a	n/a	0.0	700.0	square	70	left dorsolateral prefrontal cortex
LF71	n/a	n/a	n/a	n/a	32.0	700.0	square	71	left dorsolateral prefrontal cortex
LF72	n/a	n/a	n/a	n/a	16.0	720.0	square	72	left dorsolateral prefrontal cortex
LF73	n/a	n/a	n/a	n/a	48.0	720.0	square	73	left dorsolateral prefrontal cortex
LF74	n/a	n/a	n/a	n/a	0.0	740.0	square	74	left dorsolateral prefrontal cortex
LF75	n/a	n/a	n/a	n/a	32.0	740.0	square	75	left dorsolateral prefrontal cortex
LF76	n/a	n/a	n/a	n/a	16.0	760.0	square	76	left dorsolateral prefrontal cortex
LF77	n/a	n/a	n/a	n/a	48.0	760.0	square	77	left dorsolateral prefrontal cortex
LF78	n/a	n/a	n/a	n/a	0.0	780.0	square	78	left dorsolateral prefrontal cortex
LF79	n/a	n/a	n/a	n/a	32.0	780.0	square	79	left dorsolateral prefrontal cortex
LF80	n/a	n/a	n/a	n/a	16.0	800.0	square	80	left dorsolateral prefrontal cortex
LF81	n/a	n/a	n/a	n/a	48.0	800.0	square	81	left dorsolateral prefrontal cortex
LF82	n/a	n/a	n/a	n/a	0.0	820.0	square	82	left dorsolateral prefrontal cortex
LF83	n/a	n/a	n/a	n/a	32.0	820.0	square	83	left dorsolateral prefrontal cortex
LF84	n/a	n/a	n/a	n/a	16.0	840.0	square	84	left dorsolateral prefrontal cortex
LF85	n/a	n/a	n/a	n/a	48.0	840.0	square	85	left dorsolateral prefrontal cortex
LF86	n/a	n/a	n/a	n/a	0.0	860.0	square	86	left dorsolateral prefrontal cortex
LF87	n/a	n/a	n/a	n/a	32.0	860.0	square	87	left dorsolateral prefrontal cortex
LF88	n/a	n/a	n/a	n/a	16.0	880.0	square	88	left dorsolateral prefrontal cortex
LF89	n/a	n/a	n/a	n/a	48.0	880.0	square	89	left dorsolateral prefrontal cortex
LF90	n/a	n/a	n/a	n/a	0.0	900.0	square	90	left dorsolateral prefrontal cortex
LF91	n/a	n/a	n/a	n/a	32.0	900.0	square	91	left dorsolateral prefrontal cortex
LF92	n/a	n/a	n/a	n/a	16.0	920.0	square	92	left dorsolateral prefrontal cortex
LF93	n/a	n/a	n/a	n/a	48.0	920.0	square	93	left dorsolateral prefrontal cortex
LF94	n/a	n/a	n/a	n/a	0.0	940.0	square	94	left dorsolateral prefrontal cortex
LF95	n/a	n/a	n/a	n/a	32.0	940.0	square	95	left dorsolateral prefrontal cortex
LF96	n/a	n/a	n/a	n/a	16.0	960.0	square	96	left dorsolateral prefrontal cortex
LF97	n/a	n/a	n/a	n/a	48.0	960.0	square	97	left dorsolateral prefrontal cortex
LF98	n/a	n/a	n/a	n/a	0.0	980.0	square	98	left dorsolateral prefrontal cortex
LF99	n/a	n/a	n/a	n/a	32.0	980.0	square	99	left dorsolateral prefrontal cortex
LF100	n/a	n/a	n/a	n/a	16.0	1000.0	square	100	left dorsolateral prefrontal cortex
LF101	n/a	n/a	n/a	n/a	48.0	1000.0	square	101	left dorsolateral prefrontal cortex
LF102	n/a	n/a	n/a	n/a	0.0	1020.0	square	102	left dorsolateral prefrontal cortex
LF103	n/a	n/a	n/a	n/a	32.0	1020.0	square	103	left dorsolateral prefrontal cortex
LF104	n/a	n/a	n/a	n/a	16.0	1040.0	square	104	left dorsolateral prefrontal cortex
LF105	n/a	n/a	n/a	n/a	48.0	1040.0	square	105	left dorsolateral prefrontal cortex
LF106	n/a	n/a	n/a	n/a	0.0	1060.0	square	106	left dorsolateral prefrontal cortex
LF107	n/a	n/a	n/a	n/a	32.0	1060.0	square	107	left dorsolateral prefrontal cortex
LF108	n/a	n/a	n/a	n/a	16.0	1080.0	square	108	left dorsolateral prefrontal cortex
LF109	n/a	n/a	n/a	n/a	48.0	1080.0	square	109	left dorsolateral prefrontal cortex
LF110	n/a	n/a	n/a	n/a	0.0	1100.0	square	110	left dorsolateral prefrontal cortex
LF111	n/a	n/a	n/a	n/a	32.0	1100.0	square	111	left dorsolateral prefrontal cortex
LF112	n/a	n/a	n/a	n/a	16.0	1120.0	square	112	left dorsolateral prefrontal cortex
LF113	n/a	n/a	n/a	n/a	48.0	1120.0	square	113	left dorsolateral prefrontal cortex
LF114	n/a	n/a	n/a	n/a	0.0	1140.0	square	114	left dorsolateral prefrontal cortex
LF115	n/a	n/a	n/a	n/a	32.0	1140.0	square	115	left dorsolateral prefrontal cortex
LF116	n/a	n/a	n/a	n/a	16.0	1160.0	square	116	left dorsolateral prefrontal cortex
LF117	n/a	n/a	n/a	n/a	48.0	1160.0	square	117	left dorsolateral prefrontal cortex
LF118	n/a	n/a	n/a	n/a	0.0	1180.0	square	118	left dorsolateral prefrontal cortex
LF119	n/a	n/a	n/a	n/a	32.0	1180.0	square	119	left dorsolateral prefrontal cortex
LF120	n/a	n/a	n/a	n/a	16.0	1200.0	square	120	left dorsolateral prefrontal cortex
LF121	n/a	n/a	n/a	n/a	48.0	1200.0	square	121	left dorsolateral prefrontal cortex
LF122	n/a	n/a	n/a	n/a	0.0	1220.0	square	122	left dorsolateral prefrontal cortex
LF123	n/a	n/a	n/a	n/a	32.0	1220.0	square	123	left dorsolateral prefrontal cortex
LF124	n/a	n/a	n/a	n/a	16.0	1240.0	square	124	left dorsolateral prefrontal cortex
LF125	n/a	n/a	n/a	n/a	48.0	1240.0	square	125	left dorsolateral prefrontal cortex
LF126	n/a	n/a	n/a	n/a	0.0	1260.0	square	126	left dorsolateral prefrontal cortex
LF127	n/a	n/a	n/a	n/a	32.0	1260.0	square	127	left dorsolateral prefrontal cortex
LF128	n/a	n/a	n/a	n/a	16.0	1280.0	square	128	left dorsolateral prefrontal cortex
LF129	n/a	n/a	n/a	n/a	48.0	1280.0	square	129	left dorsolateral prefrontal cortex
LF130	n/a	n/a	n/a	n/a	0.0	1300.0	square	130	left dorsolateral prefrontal cortex
LF131	n/a	n/a	n/a	n/a	32.0	1300.0	square	131	left dorsolateral prefrontal cortex
LF132	n/a	n/a	n/a	n/a	16.0	1320.0	square	132	left dorsolateral prefrontal cortex
LF133	n/a	n/a	n/a	n/a	48.0	1320.0	square	133	left dorsolateral prefrontal cortex
LF134	n/a	n/a	n/a	n/a	0.0	1340.0	square	134	left dorsolateral prefrontal cortex
LF135	n/a	n/a	n/a	n/a	32.0	1340.0	square	135	left dorsolateral prefrontal cortex
LF136	n/a	n/a	n/a	n/a	16.0	1360.0	square	136	left dorsolateral prefrontal cortex
LF137	n/a	n/a	n/a	n/a	48.0	1360.0	square	137	left dorsolateral prefrontal cortex
LF138	n/a	n/a	n/a	n/a	0.0	1380.0	square	138	left dorsolateral prefrontal cortex
LF139	n/a	n/a	n/a	n/a	32.0	1380.0	square	139	left dorsolateral prefrontal cortex
LF140	n/a	n/a	n/a	n/a	16.0	1400.0	square	140	left dorsolateral prefrontal cortex
LF141	n/a	n/a	n/a	n/a	48.0	1400.0	square	141	left dorsolateral prefrontal cortex
LF142	n/a	n/a	n/a	n/a	0.0	1420.0	square	142	left dorsolateral prefrontal cortex
LF143	n/a	n/a	n/a	n/a	32.0	1420.0	square	143	left dorsolateral prefrontal cortex
LF144	n/a	n/a	n/a	n/a	16.0	1440.0	square	144	left dorsolateral prefrontal cortex
LF145	n/a	n/a	n/a	n/a	48.0	1440.0	square	145	left dorsolateral prefrontal cortex
LF146	n/a	n/a	n/a	n/a	0.0	1460.0	square	146	left dorsolateral prefrontal cortex
LF147	n/a	n/a	n/a	n/a	32.0	1460.0	square	147	left dorsolateral prefrontal cortex
LF148	n/a	n/a	n/a	n/a	16.0	1480.0	square	148	left dorsolateral prefrontal cortex
LF149	n/a	n/a	n/a	n/a	48.0	1480.0	square	149	left dorsolateral prefrontal cortex
LF150	n/a	n/a	n/a	n/a	0.0	1500.0	square	150	left dorsolateral prefrontal cortex
LF151	n/a	n/a	n/a	n/a	32.0	1500.0	square	151	left dorsolateral prefrontal cortex
LF152	n/a	n/a	n/a	n/a	16.0	1520.0	square	152	left dorsolateral prefrontal cortex
LF153	n/a	n/a	n/a	n/a	48.0	1520.0	square	153	left dorsolateral prefrontal cortex
LF154	n/a	n/a	n/a	n/a	0.0	1540.0	square	154	left dorsolateral prefrontal cortex
LF155	n/a	n/a	n/a	n/a	32.0	1540.0	square	155	left dorsolateral prefrontal cortex
LF156	n/a	n/a	n/a	n/a	16.0	1560.0	square	156	left dorsolateral prefrontal cortex
LF157	n/a	n/a	n/a	n/a	48.0	1560.0	square	157	left dorsolateral prefrontal cortex
LF158	n/a	n/a	n/a	n/a	0.0	1580.0	square	158	left dorsolateral prefrontal cortex
LF159	n/a	n/a	n/a	n/a	32.0	1580.0	square	159	left dorsolateral prefrontal cortex
LF160	n/a	n/a	n/a	n/a	16.0	1600.0	square	160	left dorsolateral prefrontal cortex
LF161	n/a	n/a	n/a	n/a	48.0	1600.0	square	161	left dorsolateral prefrontal cortex
LF162	n/a	n/a	n/a	n/a	0.0	1620.0	square	162	left dorsolateral prefrontal cortex
LF163	n/a	n/a	n/a	n/a	32.0	1620.0	square	163	left dorsolateral prefrontal cortex
LF164	n/a	n/a	n/a	n/a	16.0	1640.0	square	164	left dorsolateral prefrontal cortex
LF165	n/a	n/a	n/a	n/a	48.0	1640.0	square	165	left dorsolateral prefrontal cortex
LF166	n/a	n/a	n/a	n/a	0.0	1660.0	square	166	left dorsolateral prefrontal cortex
LF167	n/a	n/a	n/a	n/a	32.0	1660.0	square	167	left dorsolateral prefrontal cortex
LF168	n/a	n/a	n/a	n/a	16.0	1680.0	square	168	left dorsolateral prefrontal cortex
LF169	n/a	n/a	n/a	n/a	48.0	1680.0	square	169	left dorsolateral prefrontal cortex
LF170	n/a	n/a	n/a	n/a	0.0	1700.0	square	170	left dorsolateral prefrontal cortex
LF171	n/a	n/a	n/a	n/a	32.0	1700.0	square	171	left dorsolateral prefrontal cortex
LF172	n/a	n/a	n/a	n/a	16.0	1720.0	square	172	left dorsolateral prefrontal cortex
LF173	n/a	n/a	n/a	n/a	48.0	1720.0	square	173	left dorsolateral prefrontal cortex
LF174	n/a	n/a	n/a	n/a	0.0	1740.0	square	174	left dorsolateral prefrontal cortex
LF175	n/a	n/a	n/a	n/a	32.0	1740.0	square	175	left dorsolateral prefrontal cortex
LF176	n/a	n/a	n/a	n/a	16.0	1760.0	square	176	left dorsolateral prefrontal cortex
LF177	n/a	n/a	n/a	n/a	48.0	1760.0	square	177	left dorsolateral prefrontal cortex
LF178	n/a	n/a	n/a	n/a	0.0	1780.0	square	178	left dorsolateral prefrontal cortex
LF179	n/a	n/a	n/a	n/a	32.0	1780.0	square	179	left dorsolateral prefrontal cortex
LF180	n/a	n/a	n/a	n/a	16.0	1800.0	square	180	left dorsolateral prefrontal cortex
LF181	n/a	n/a	n/a	n/a	48.0	1800.0	square	181	left dorsolateral prefrontal cortex
LF182	n/a	n/a	n/a	n/a	0.0	1820.0	square	182	left dorsolateral prefrontal cortex
LF183	n/a	n/a	n/a	n/a	32.0	1820.0	square	183	left dorsolateral prefrontal cortex
LF184	n/a	n/a	n/a	n/a	16.0	1840.0	square	184	left dorsolateral prefrontal cortex
LF185	n/a	n/a	n/a	n/a	48.0	1840.0	square	185	left dorsolateral prefrontal cortex
LF186	n/a	n/a	n/a	n/a	0.0	1860.0	square	186	left dorsolateral prefrontal cortex
LF187	n/a	n/a	n/a	n/a	32.0	1860.0	square	187	left dorsolateral prefrontal cortex
LF188	n/a	n/a	n/a	n/a	16.0	1880.0	square	188	left dorsolateral prefrontal cortex
LF189	n/a	n/a	n/a	n/a	48.0	1880.0	square	189	left dorsolateral prefrontal cortex
LF190	n/a	n/a	n/a	n/a	0.0	1900.0	square	190	left dorsolateral prefrontal cortex
LF191	n/a	n/a	n/a	n/a	32.0	1900.0	square	191	left dorsolateral prefrontal cortex
LF192	n/a	n/a	n/a	n/a	16.0	1920.0	square	192	left dorsolateral prefrontal cortex
LF193	n/a	n/a	n/a	n/a	48.0	1920.0	square	193	left dorsolateral prefrontal cortex
LF194	n/a	n/a	n/a	n/a	0.0	1940.0	square	194	left dorsolateral prefrontal cortex
LF195	n/a	n/a	n/a	n/a	32.0	1940.0	square	195	left dorsolateral prefrontal cortex
LF196	n/a	n/a	n/a	n/a	16.0	1960.0	square	196	left dorsolateral prefrontal cortex
LF197	n/a	n/a	n/a	n/a	48.0	1960.0	square	197	left dorsolateral prefrontal cortex
LF198	n/a	n/a	n/a	n/a	0.0	1980.0	square	198	left dorsolateral prefrontal cortex
LF199	n/a	n/a	n/a	n/a	32.0	1980.0	square	199	left dorsolateral prefrontal cortex
LF200	n/a	n/a	n/a	n/a	16.0	2000.0	square	200	left dorsolateral prefrontal cortex
LF201	n/a	n/a	n/a	n/a	48.0	2000.0	square	201	left dorsolateral prefrontal cortex
LF202	n/a	n/a	n/a	n/a	0.0	2020.0	square	202	left dorsolateral prefrontal cortex
LF203	n/a	n/a	n/a	n/a	32.0	2020.0	square	203	left dorsolateral prefrontal cortex
LF204	n/a	n/a	n/a	n/a	16.0	2040.0	square	204	left dorsolateral prefrontal cortex
LF205	n/a	n/a	n/a	n/a	48.0	2040.0	square	205	left dorsolateral prefrontal cortex
LF206	n/a	n/a	n/a	n/a	0.0	2060.0	square	206	left dorsolateral prefrontal cortex
LF207	n/a	n/a	n/a	n/a	32.0	2060.0	square	207	left dorsolateral prefrontal cortex
LF208	n/a	n/a	n/a	n/a	16.0	2080.0	square	208	left dorsolateral prefrontal cortex
LF209	n/a	n/a	n/a	n/a	48.0	2080.0	square	209	left dorsolateral prefrontal cortex
LF210	n/a	n/a	n/a	n/a	0.0	2100.0	square	210	left dorsolateral prefrontal cortex
LF211	n/a	n/a	n/a	n/a	32.0	2100.0	square	211	left dorsolateral prefrontal cortex
LF212	n/a	n/a	n/a	n/a	16.0	2120.0	square	212	left dorsolateral prefrontal cortex
LF213	n/a	n/a	n/a	n/a	48.0	2120.0	square	213	left dorsolateral prefrontal cortex
LF214	n/a	n/a	n/a	n/a	0.0	2140.0	square	214	left dorsolateral prefrontal cortex
LF215	n/a	n/a	n/a	n/a	32.0	2140.0	square	215	left dorsolateral prefrontal cortex
LF216	n/a	n/a	n/a	n/a	16.0	2160.0	square	216	left dorsolateral prefrontal cortex
LF217	n/a	n/a	n/a	n/a	48.0	2160.0	square	217	left dorsolateral prefrontal cortex
LF218	n/a	n/a	n/a	n/a	0.0	2180.0	square	218	left dorsolateral prefrontal cortex
LF219	n/a	n/a	n/a	n/a	32.0	2180.0	square	219	left dorsolateral prefrontal cortex
LF220	n/a	n/a	n/a	n/a	16.0	2200.0	square	220	left dorsolateral prefrontal cortex
LF221	n/a	n/a	n/a	n/a	48.0	2200.0	square	221	left dorsolateral prefrontal cortex
LF222	n/a	n/a	n/a	n/a	0.0	2220.0	square	222	left dorsolateral prefrontal cortex
LF223	n/a	n/a	n/a	n/a	32.0	2220.0	square	223	left dorsolateral prefrontal cortex
LF224	n/a	n/a	n/a	n/a	16.0	2240.0	square	224	left dorsolateral prefrontal cortex
LF225	n/a	n/a	n/a	n/a	48.0	2240.0	square	225	left dorsolateral prefrontal cortex
LF226	n/a	n/a	n/a	n/a	0.0	2260.0	square	226	left dorsolateral prefrontal cortex
LF227	n/a	n/a	n/a	n/a	32.0	2260.0	square	227	left dorsolateral prefrontal cortex
LF228	n/a	n/a	n/a	n/a	16.0	2280.0	square	228	left dorsolateral prefrontal cortex
LF229	n/a	n/a	n/a	n/a	48.0	2280.0	square	229	left dorsolateral prefrontal cortex
LF230	n/a	n/a	n/a	n/a	0.0	2300.0	square	230	left dorsolateral prefrontal cortex
LF231	n/a	n/a	n/a	n/a	32.0	2300.0	square	231	left dorsolateral prefrontal cortex
LF232	n/a	n/a	n/a	n/a	16.0	2320.0	square	232	left dorsolateral prefrontal cortex
LF233	n/a	n/a	n/a	n/a	48.0	2320.0	square	233	left dorsolateral prefrontal cortex
LF234	n/a	n/a	n/a	n/a	0.0	2340.0	square	234	left dorsolateral prefrontal cortex
LF235	n/a	n/a	n/a	n/a	32.0	2340.0	square	235	left dorsolateral prefrontal cortex
LF236	n/a	n/a	n/a	n/a	16.0	2360.0	square	236	left dorsolateral prefrontal cortex
LF237	n/a	n/a	n/a	n/a	48.0	2360.0	square	237	left dorsolateral prefrontal cortex
LF238	n/a	n/a	n/a	n/a	0.0	2380.0	square	238	left dorsolateral prefrontal cortex
LF239	n/a	n/a	n/a	n/a	32.0	2380.0	square	239	left dorsolateral prefrontal cortex
LF240	n/a	n/a	n/a	n/a	16.0	2400.0	square	240	left dorsolateral prefrontal cortex
LF241	n/a	n/a	n/a	n/a	48.0	2400.0	square	241	left dorsolateral prefrontal cortex
LF242	n/a	n/a	n/a	n/a	0.0	2420.0	square	242	left dorsolateral prefrontal cortex
LF243	n/a	n/a	n/a	n/a	32.0	2420.0	square	243	left dorsolateral prefrontal cortex
LF244	n/a	n/a	n/a	n/a	16.0	2440.0	square	244	left dorsolateral prefrontal cortex
LF245	n/a	n/a	n/a	n/a	48.0	2440.0	square	245	left dorsolateral prefrontal cortex
LF246	n/a	n/a	n/a	n/a	0.0	2460.0	square	246	left dorsolateral prefrontal cortex
LF247	n/a	n/a	n/a	n/a	32.0	2460.0	square	247	left dorsolateral prefrontal cortex
LF248	n/a	n/a	n/a	n/a	16.0	2480.0	square	248	left dorsolateral prefrontal cortex
LF249	n/a	n/a	n/a	n/a	48.0	2480.0	square	249	left dorsolateral prefrontal cortex
LF250	n/a	n/a	n/a	n/a	0.0	2500.0	square	250	left dorsolateral prefrontal cortex
LF251	n/a	n/a	n/a	n/a	32.0	2500.0	square	251	left dorsolateral prefrontal cortex
LF252	n/a	n/a	n/a	n/a	16.0	2520.0	square	252	left dorsolateral prefrontal cortex
LF253	n/a	n/a	n/a	n/a	48.0	2520.0	square	253	left dorsolateral prefrontal cortex
LF254	n/a	n/a	n/a	n/a	0.0	2540.0	square	254	left dorsolateral prefrontal cortex
LF255	n/a	n/a	n/a	n/a	32.0	2540.0	square	255	left dorsolateral prefrontal cortex
LF256	n/a	n/a	n/a	n/a	16.0	2560.0	square	256	left dorsolateral prefrontal cortex
LF257	n/a	n/a	n/a	n/a	48.0	2560.0	square	257	left dorsolateral prefrontal cortex
LF258	n/a	n/a	n/a	n/a	0.0	2580.0	square	258	left dorsolateral prefrontal cortex
LF259	n/a	n/a	n/a	n/a	32.0	2580.0	square	259	left dorsolateral prefrontal cortex
LF260	n/a	n/a	n/a	n/a	16.0	2600.0	square	260	left dorsolateral prefrontal cortex
LF261	n/a	n/a	n/a	n/a	48.0	2600.0	square	261	left dorsolateral prefrontal cortex
LF262	n/a	n/a	n/a	n/a	0.0	2620.0	square	262	left dorsolateral prefrontal cortex
LF263	n/a	n/a	n/a	n/a	32.0	2620.0	square	263	left dorsolateral prefrontal cortex
LF264	n/a	n/a	n/a	n/a	16.0	2640.0	square	264	left dorsolateral prefrontal cortex
LF265	n/a	n/a	n/a	n/a	48.0	2640.0	square	265	left dorsolateral prefrontal cortex
LF266	n/a	n/a	n/a	n/a	0.0	2660.0	square	266	left dorsolateral prefrontal cortex
LF267	n/a	n/a	n/a	n/a	32.0	2660.0	square	267	left dorsolateral prefrontal cortex
LF268	n/a	n/a	n/a	n/a	16.0	2680.0	square	268	left dorsolateral prefrontal cortex
LF269	n/a	n/a	n/a	n/a	48.0	2680.0	square	269	left dorsolateral prefrontal cortex
LF270	n/a	n/a	n/a	n/a	0.0	2700.0	square	270	left dorsolateral prefrontal cortex
LF271	n/a	n/a	n/a	n/a	32.0	2700.0	square	271	left dorsolateral prefrontal cortex
LF272	n/a	n/a	n/a	n/a	16.0	2720.0	square	272	left dorsolateral prefrontal cortex
LF273	n/a	n/a	n/a	n/a	48.0	2720.0	square	273	left dorsolateral prefrontal cortex
LF274	n/a	n/a	n/a	n/a	0.0	2740.0	square	274	left dorsolateral prefrontal cortex
LF275	n/a	n/a	n/a	n/a	32.0	2740.0	square	275	left dorsolateral prefrontal cortex
LF276	n/a	n/a	n/a	n/a	16.0	2760.0	square	276	left dorsolateral prefrontal cortex
LF277	n/a	n/a	n/a	n/a	48.0	2760.0	square	277	left dorsolateral prefrontal cortex
LF278	n/a	n/a	n/a	n/a	0.0	2780.0	square	278	left dorsolateral prefrontal cortex
LF279	n/a	n/a	n/a	n/a	32.0	2780.0	square	279	left dorsolateral prefrontal cortex
LF280	n/a	n/a	n/a	n/a	16.0	2800.0	square	280	left dorsolateral prefrontal cortex
LF281	n/a	n/a	n/a	n/a	48.0	2800.0	square	281	left dorsolateral prefrontal cortex
LF282	n/a	n/a	n/a	n/a	0.0	2820.0	square	282	left dorsolateral prefrontal cortex
LF283	n/a	n/a	n/a	n/a	32.0	2820.0	square	283	left dorsolateral prefrontal cortex
LF284	n/a	n/a	n/a	n/a	16.0	2840.0	square	284	left dorsolateral prefrontal cortex
LF285	n/a	n/a	n/a	n/a	48.0	2840.0	square	285	left dorsolateral prefrontal cortex
LF286	n/a	n/a	n/a	n/a	0.0	2860.0	square	286	left dorsolateral prefrontal cortex
LF287	n/a	n/a	n/a	n/a	32.0	2860.0	square	287	left dorsolateral prefrontal cortex
LF288	n/a	n/a	n/a	n/a	16.0	2880.0	square	288	left dorsolateral prefrontal cortex
LF289	n/a	n/a	n/a	n/a	48.0	2880.0	square	289	left dorsolateral prefrontal cortex
LF290	n/a	n/a	n/a	n/a	0.0	2900.0	square	290	left dorsolateral prefrontal cortex
LF291	n/a	n/a	n/a	n/a	32.0	2900.0	square	291	left dorsolateral prefrontal cortex
LF292	n/a	n/a	n/a	n/a	16.0	2920.0	square	292	left dorsolateral prefrontal cortex
LF293	n/a	n/a	n/a	n/a	48.0	2920.0	square	293	left dorsolateral prefrontal cortex
LF294	n/a	n/a	n/a	n/a	0.0	2940.0	square	294	left dorsolateral prefrontal cortex
LF295	n/a	n/a	n/a	n/a	32.0	2940.0	square	295	left dorsolateral prefrontal cortex
LF296	n/a	n/a	n/a	n/a	16.0	2960.0	square	296	left dorsolateral prefrontal cortex
LF297	n/a	n/a	n/a	n/a	48.0	2960.0	square	297	left dorsolateral prefrontal cortex
LF298	n/a	n/a	n/a	n/a	0.0	2980.0	square	298	left dorsolateral prefrontal cortex
LF299	n/a	n/a	n/a	n/a	32.0	2980.0	square	299	left dorsolateral prefrontal cortex
LF300	n/a	n/a	n/a	n/a	16.0	3000.0	square	300	left dorsolateral prefrontal cortex
LF301	n/a	n/a	n/a	n/a	48.0	3000.0	square	301	left dorsolateral prefrontal cortex
LF302	n/a	n/a	n/a	n/a	0.0	3020.0	square	302	left dorsolateral prefrontal cortex
LF303	n/a	n/a	n/a	n/a	32.0	3020.0	square	303	left dorsolateral prefrontal cortex
LF304	n/a	n/a	n/a	n/a	16.0	3040.0	square	304	left dorsolateral prefrontal cortex
LF305	n/a	n/a	n/a	n/a	48.0	3040.0	square	305	left dorsolateral prefrontal cortex
LF306	n/a	n/a	n/a	n/a	0.0	3060.0	square	306	left dorsolateral prefrontal cortex
LF307	n/a	n/a	n/a	n/a	32.0	3060.0	square	307	left dorsolateral prefrontal cortex
LF308	n/a	n/a	n/a	n/a	16.0	3080.0	square	308	left dorsolateral prefrontal cortex
LF309	n/a	n/a	n/a	n/a	48.0	3080.0	square	309	left dorsolateral prefrontal cortex
LF310	n/a	n/a	n/a	n/a	0.0	3100.0	square	310	left dorsolateral prefrontal cortex
LF311	n/a	n/a	n/a	n/a	32.0	3100.0	square	311	left dorsolateral prefrontal cortex
LF312	n/a	n/a	n/a	n/a	16.0	3120.0	square	312	left dorsolateral prefrontal cortex
LF313	n/a	n/a	n/a	n/a	48.0	3120.0	square	313	left dorsolateral prefrontal cortex
LF314	n/a	n/a	n/a	n/a	0.0	3140.0	square	314	left dorsolateral prefrontal cortex
LF315	n/a	n/a	n/a	n/a	32.0	3140.0	square	315	left dorsolateral prefrontal cortex
LF316	n/a	n/a	n/a	n/a	16.0	3160.0	square	316	left dorsolateral prefrontal cortex
LF317	n/a	n/a	n/a	n/a	48.0	3160.0	square	317	left dorsolateral prefrontal cortex
LF318	n/a	n/a	n/a	n/a	0.0	3180.0	square	318	left dorsolateral prefrontal cortex
LF319	n/a	n/a	n/a	n/a	32.0	3180.0	square	319	left dorsolateral prefrontal cortex
LF320	n/a	n/a	n/a	n/a	16.0	3200.0	square	320	left dorsolateral prefrontal cortex
LF321	n/a	n/a	n/a	n/a	48.0	3200.0	square	321	left dorsolateral prefrontal cortex
LF322	n/a	n/a	n/a	n/a	0.0	3220.0	square	322	left dorsolateral prefrontal cortex
LF323	n/a	n/a	n/a	n/a	32.0	3220.0	square	323	left dorsolateral prefrontal cortex
LF324	n/a	n/a	n/a	n/a	16.0	3240.0	square	324	left dorsolateral prefrontal cortex
LF325	n/a	n/a	n/a	n/a	48.0	3240.0	square	325	left dorsolateral prefrontal cortex
LF326	n/a	n/a	n/a	n/a	0.0	3260.0	square	326	left dorsolateral prefrontal cortex
LF327	n/a	n/a	n/a	n/a	32.0	3260.0	square	327	left dorsolateral prefrontal cortex
LF328	n/a	n/a	n/a	n/a	16.0	3280.0	square	328	left dorsolateral prefrontal cortex
LF329	n/a	n/a	n/a	n/a	48.0	3280.0	square	329	left dorsolateral prefrontal cortex
LF330	n/a	n/a	n/a	n/a	0.0	3300.0	square	330	left dorsolateral prefrontal cortex
LF331	n/a	n/a	n/a	n/a	32.0	3300.0	square	331	left dorsolateral prefrontal cortex
LF332	n/a	n/a	n/a	n/a	16.0	3320.0	square	332	left dorsolateral prefrontal cortex
LF333	n/a	n/a	n/a	n/a	48.0	3320.0	square	333	left dorsolateral prefrontal cortex
LF334	n/a	n/a	n/a	n/a	0.0	3340.0	square	334	left dorsolateral prefrontal cortex
LF335	n/a	n/a	n/a	n/a	32.0	3340.0	square	335	left dorsolateral prefrontal cortex
LF336	n/a	n/a	n/a	n/a	16.0	3360.0	square	336	left dorsolateral prefrontal cortex
LF337	n/a	n/a	n/a	n/a	48.0	3360.0	square	337	left dorsolateral prefrontal cortex
LF338	n/a	n/a	n/a	n/a	0.0	3380.0	square	338	left dorsolateral prefrontal cortex
LF339	n/a	n/a	n/a	n/a	32.0	3380.0	square	339	left dorsolateral prefrontal cortex
LF340	n/a	n/a	n/a	n/a	16.0	3400.0	square	340	left dorsolateral prefrontal cortex
LF341	n/a	n/a	n/a	n/a	48.0	3400.0	square	341	left dorsolateral prefrontal cortex
LF342	n/a	n/a	n/a	n/a	0.0	3420.0	square	342	left dorsolateral prefrontal cortex
LF343	n/a	n/a	n/a	n/a	32.0	3420.0	square	343	left dorsolateral prefrontal cortex
LF344	n/a	n/a	n/a	n/a	16.0	3440.0	square	344	left dorsolateral prefrontal cortex
LF345	n/a	n/a	n/a	n/a	48.0	3440.0	square	345	left dorsolateral prefrontal cortex
LF346	n/a	n/a	n/a	n/a	0.0	3460.0	square	346	left dorsolateral prefrontal cortex
LF347	n/a	n/a	n/a	n/a	32.0	3460.0	square	347	left dorsolateral prefrontal cortex
LF348	n/a	n/a	n/a	n/a	16.0	3480.0	square	348	left dorsolateral prefrontal cortex
LF349	n/a	n/a	n/a	n/a	48.0	3480.0	square	349	left dorsolateral prefrontal cortex
LF350	n/a	n/a	n/a	n/a	0.0	3500.0	square	350	left dorsolateral prefrontal cortex
LF351	n/a	n/a	n/a	n/a	32.0	3500.0	square	351	left dorsolateral prefrontal cortex
LF352	n/a	n/a	n/a	n/a	16.0	3520.0	square	352	left dorsolateral prefrontal cortex
LF353	n/a	n/a	n/a	n/a	48.0	3520.0	square	353	left dorsolateral prefrontal cortex
LF354	n/a	n/a	n/a	n/a	0.0	3540.0	square	354	left dorsolateral prefrontal cortex
LF355	n/a	n/a	n/a	n/a	32.0	3540.0	square	355	left dorsolateral prefrontal cortex
LF356	n/a	n/a	n/a	n/a	16.0	3560.0	square	356	left dorsolateral prefrontal cortex
LF357	n/a	n/a	n/a	n/a	48.0	3560.0	square	357	left dorsolateral prefrontal cortex
LF358	n/a	n/a	n/a	n/a	0.0	3580.0	square	358	left dorsolateral prefrontal cortex
LF359	n/a	n/a	n/a	n/a	32.0	3580.0	square	359	left dorsolateral prefrontal cortex
LF360	n/a	n/a	n/a	n/a	16.0	3600.0	square	360	left dorsolateral prefrontal cortex
LF361	n/a	n/a	n/a	n/a	48.0	3600.0	square	361	left dorsolateral prefrontal cortex
LF362	n/a	n/a	n/a	n/a	0.0	3620.0	square	362	left dorsolateral prefrontal cortex
LF363	n/a	n/a	n/a	n/a	32.0	3620.0	square	363	left dorsolateral prefrontal cortex
LF364	n/a	n/a	n/a	n/a	16.0	3640.0	square	364	left dorsolateral prefrontal cortex
LF365	n/a	n/a	n/a	n/a	48.0	3640.0	square	365	left dorsolateral prefrontal cortex
LF366	n/a	n/a	n/a	n/a	0.0	3660.0	square	366	left dorsolateral prefrontal cortex
LF367	n/a	n/a	n/a	n/a	32.0	3660.0	square	367	left dorsolateral prefrontal cortex
LF368	n/a	n/a	n/a	n/a	16.0	3680.0	square	368	left dorsolateral prefrontal cortex
LF369	n/a	n/a	n/a	n/a	48.0	3680.0	square	369	left dorsolateral prefrontal cortex
LF370	n/a	n/a	n/a	n/a	0.0	3700.0	square	370	left dorsolateral prefrontal cortex
LF371	n/a	n/a	n/a	n/a	32.0	3700.0	square	371	left dorsolateral prefrontal cortex
LF372	n/a	n/a	n/a	n/a	16.0	3720.0	square	372	left dorsolateral prefrontal cortex
LF373	n/a	n/a	n/a	n/a	48.0	3720.0	square	373	left dorsolateral prefrontal cortex
LF374	n/a	n/a	n/a	n/a	0.0	3740.0	square	374	left dorsolateral prefrontal cortex
LF375	n/a	n/a	n/a	n/a	32.0	3740.0	square	375	left dorsolateral prefrontal cortex
LF376	n/a	n/a	n/a	n/a	16.0	3760.0	square	376	left dorsolateral prefrontal cortex
LF377	n/a	n/a	n/a	n/a	48.0	3760.0	square	377	left dorsolateral prefrontal cortex
LF378	n/a	n/a	n/a	n/a	0.0	3780.0	square	378	left dorsolateral prefrontal cortex
LF379	n/a	n/a	n/a	n/a	32.0	3780.0	square	379	left dorsolateral prefrontal cortex
LF380	n/a	n/a	n/a	n/a	16.0	3800.0	square	380	left dorsolateral prefrontal cortex
LF381	n/a	n/a	n/a	n/a	48.0	3800.0	square	381	left dorsolateral prefrontal cortex
LF382	n/a	n/a	n/a	n/a	0.0	3820.0	square	382	left dorsolateral prefrontal cortex
LF383	n/a	n/a	n/a	n/a	32.0	3820.0	square	383	left dorsolateral prefrontal cortex
