name	type	units	low_cutoff	high_cutoff	sampling_frequency	group	description	source_channel_name	source_electrode_row	inter_sample_shift
LF0	SEEG	µV	0.5	500	2500	s0	Neuropixels 1.0 (thick-shank NP1.0-S/ST variant) site, LF band	AP0	0	0.0
LF1	SEEG	µV	0.5	500	2500	s0	Neuropixels 1.0 (thick-shank NP1.0-S/ST variant) site, LF band	AP1	1	0.0
LF2	SEEG	µV	0.5	500	2500	s0	Neuropixels 1.0 (thick-shank NP1.0-S/ST variant) site, LF band	AP2	2	0.08333333333333333
LF3	SEEG	µV	0.5	500	2500	s0	Neuropixels 1.0 (thick-shank NP1.0-S/ST variant) site, LF band	AP3	3	0.08333333333333333
LF4	SEEG	µV	0.5	500	2500	s0	Neuropixels 1.0 (thick-shank NP1.0-S/ST variant) site, LF band	AP4	4	0.16666666666666666
LF5	SEEG	µV	0.5	500	2500	s0	Neuropixels 1.0 (thick-shank NP1.0-S/ST variant) site, LF band	AP5	5	0.16666666666666666
LF6	SEEG	µV	0.5	500	2500	s0	Neuropixels 1.0 (thick-shank NP1.0-S/ST variant) site, LF band	AP6	6	0.25
LF7	SEEG	µV	0.5	500	2500	s0	Neuropixels 1.0 (thick-shank NP1.0-S/ST variant) site, LF band	AP7	7	0.25
LF8	SEEG	µV	0.5	500	2500	s0	Neuropixels 1.0 (thick-shank NP1.0-S/ST variant) site, LF band	AP8	8	0.3333333333333333
LF9	SEEG	µV	0.5	500	2500	s0	Neuropixels 1.0 (thick-shank NP1.0-S/ST variant) site, LF band	AP9	9	0.3333333333333333
LF10	SEEG	µV	0.5	500	2500	s0	Neuropixels 1.0 (thick-shank NP1.0-S/ST variant) site, LF band	AP10	10	0.4166666666666667
LF11	SEEG	µV	0.5	500	2500	s0	Neuropixels 1.0 (thick-shank NP1.0-S/ST variant) site, LF band	AP11	11	0.4166666666666667
LF12	SEEG	µV	0.5	500	2500	s0	Neuropixels 1.0 (thick-shank NP1.0-S/ST variant) site, LF band	AP12	12	0.5
LF13	SEEG	µV	0.5	500	2500	s0	Neuropixels 1.0 (thick-shank NP1.0-S/ST variant) site, LF band	AP13	13	0.5
LF14	SEEG	µV	0.5	500	2500	s0	Neuropixels 1.0 (thick-shank NP1.0-S/ST variant) site, LF band	AP14	14	0.5833333333333334
LF15	SEEG	µV	0.5	500	2500	s0	Neuropixels 1.0 (thick-shank NP1.0-S/ST variant) site, LF band	AP15	15	0.5833333333333334
LF16	SEEG	µV	0.5	500	2500	s0	Neuropixels 1.0 (thick-shank NP1.0-S/ST variant) site, LF band	AP16	16	0.6666666666666666
LF17	SEEG	µV	0.5	500	2500	s0	Neuropixels 1.0 (thick-shank NP1.0-S/ST variant) site, LF band	AP17	17	0.6666666666666666
LF18	SEEG	µV	0.5	500	2500	s0	Neuropixels 1.0 (thick-shank NP1.0-S/ST variant) site, LF band	AP18	18	0.75
LF19	SEEG	µV	0.5	500	2500	s0	Neuropixels 1.0 (thick-shank NP1.0-S/ST variant) site, LF band	AP19	19	0.75
LF20	SEEG	µV	0.5	500	2500	s0	Neuropixels 1.0 (thick-shank NP1.0-S/ST variant) site, LF band	AP20	20	0.8333333333333334
LF21	SEEG	µV	0.5	500	2500	s0	Neuropixels 1.0 (thick-shank NP1.0-S/ST variant) site, LF band	AP21	21	0.8333333333333334
LF22	SEEG	µV	0.5	500	2500	s0	Neuropixels 1.0 (thick-shank NP1.0-S/ST variant) site, LF band	AP22	22	0.9166666666666666
LF23	SEEG	µV	0.5	500	2500	s0	Neuropixels 1.0 (thick-shank NP1.0-S/ST variant) site, LF band	AP23	23	0.9166666666666666
LF24	SEEG	µV	0.5	500	2500	s0	Neuropixels 1.0 (thick-shank NP1.0-S/ST variant) site, LF band	AP24	24	0.0
LF25	SEEG	µV	0.5	500	2500	s0	Neuropixels 1.0 (thick-shank NP1.0-S/ST variant) site, LF band	AP25	25	0.0
LF26	SEEG	µV	0.5	500	2500	s0	Neuropixels 1.0 (thick-shank NP1.0-S/ST variant) site, LF band	AP26	26	0.08333333333333333
LF27	SEEG	µV	0.5	500	2500	s0	Neuropixels 1.0 (thick-shank NP1.0-S/ST variant) site, LF band	AP27	27	0.08333333333333333
LF28	SEEG	µV	0.5	500	2500	s0	Neuropixels 1.0 (thick-shank NP1.0-S/ST variant) site, LF band	AP28	28	0.16666666666666666
LF29	SEEG	µV	0.5	500	2500	s0	Neuropixels 1.0 (thick-shank NP1.0-S/ST variant) site, LF band	AP29	29	0.16666666666666666
LF30	SEEG	µV	0.5	500	2500	s0	Neuropixels 1.0 (thick-shank NP1.0-S/ST variant) site, LF band	AP30	30	0.25
LF31	SEEG	µV	0.5	500	2500	s0	Neuropixels 1.0 (thick-shank NP1.0-S/ST variant) site, LF band	AP31	31	0.25
LF32	SEEG	µV	0.5	500	2500	s0	Neuropixels 1.0 (thick-shank NP1.0-S/ST variant) site, LF band	AP32	32	0.3333333333333333
LF33	SEEG	µV	0.5	500	2500	s0	Neuropixels 1.0 (thick-shank NP1.0-S/ST variant) site, LF band	AP33	33	0.3333333333333333
LF34	SEEG	µV	0.5	500	2500	s0	Neuropixels 1.0 (thick-shank NP1.0-S/ST variant) site, LF band	AP34	34	0.4166666666666667
LF35	SEEG	µV	0.5	500	2500	s0	Neuropixels 1.0 (thick-shank NP1.0-S/ST variant) site, LF band	AP35	35	0.4166666666666667
LF36	SEEG	µV	0.5	500	2500	s0	Neuropixels 1.0 (thick-shank NP1.0-S/ST variant) site, LF band	AP36	36	0.5
LF37	SEEG	µV	0.5	500	2500	s0	Neuropixels 1.0 (thick-shank NP1.0-S/ST variant) site, LF band	AP37	37	0.5
LF38	SEEG	µV	0.5	500	2500	s0	Neuropixels 1.0 (thick-shank NP1.0-S/ST variant) site, LF band	AP38	38	0.5833333333333334
LF39	SEEG	µV	0.5	500	2500	s0	Neuropixels 1.0 (thick-shank NP1.0-S/ST variant) site, LF band	AP39	39	0.5833333333333334
LF40	SEEG	µV	0.5	500	2500	s0	Neuropixels 1.0 (thick-shank NP1.0-S/ST variant) site, LF band	AP40	40	0.6666666666666666
LF41	SEEG	µV	0.5	500	2500	s0	Neuropixels 1.0 (thick-shank NP1.0-S/ST variant) site, LF band	AP41	41	0.6666666666666666
LF42	SEEG	µV	0.5	500	2500	s0	Neuropixels 1.0 (thick-shank NP1.0-S/ST variant) site, LF band	AP42	42	0.75
LF43	SEEG	µV	0.5	500	2500	s0	Neuropixels 1.0 (thick-shank NP1.0-S/ST variant) site, LF band	AP43	43	0.75
LF44	SEEG	µV	0.5	500	2500	s0	Neuropixels 1.0 (thick-shank NP1.0-S/ST variant) site, LF band	AP44	44	0.8333333333333334
LF45	SEEG	µV	0.5	500	2500	s0	Neuropixels 1.0 (thick-shank NP1.0-S/ST variant) site, LF band	AP45	45	0.8333333333333334
LF46	SEEG	µV	0.5	500	2500	s0	Neuropixels 1.0 (thick-shank NP1.0-S/ST variant) site, LF band	AP46	46	0.9166666666666666
LF47	SEEG	µV	0.5	500	2500	s0	Neuropixels 1.0 (thick-shank NP1.0-S/ST variant) site, LF band	AP47	47	0.9166666666666666
LF48	SEEG	µV	0.5	500	2500	s0	Neuropixels 1.0 (thick-shank NP1.0-S/ST variant) site, LF band	AP48	48	0.0
LF49	SEEG	µV	0.5	500	2500	s0	Neuropixels 1.0 (thick-shank NP1.0-S/ST variant) site, LF band	AP49	49	0.0
LF50	SEEG	µV	0.5	500	2500	s0	Neuropixels 1.0 (thick-shank NP1.0-S/ST variant) site, LF band	AP50	50	0.08333333333333333
LF51	SEEG	µV	0.5	500	2500	s0	Neuropixels 1.0 (thick-shank NP1.0-S/ST variant) site, LF band	AP51	51	0.08333333333333333
LF52	SEEG	µV	0.5	500	2500	s0	Neuropixels 1.0 (thick-shank NP1.0-S/ST variant) site, LF band	AP52	52	0.16666666666666666
LF53	SEEG	µV	0.5	500	2500	s0	Neuropixels 1.0 (thick-shank NP1.0-S/ST variant) site, LF band	AP53	53	0.16666666666666666
LF54	SEEG	µV	0.5	500	2500	s0	Neuropixels 1.0 (thick-shank NP1.0-S/ST variant) site, LF band	AP54	54	0.25
LF55	SEEG	µV	0.5	500	2500	s0	Neuropixels 1.0 (thick-shank NP1.0-S/ST variant) site, LF band	AP55	55	0.25
LF56	SEEG	µV	0.5	500	2500	s0	Neuropixels 1.0 (thick-shank NP1.0-S/ST variant) site, LF band	AP56	56	0.3333333333333333
LF57	SEEG	µV	0.5	500	2500	s0	Neuropixels 1.0 (thick-shank NP1.0-S/ST variant) site, LF band	AP57	57	0.3333333333333333
LF58	SEEG	µV	0.5	500	2500	s0	Neuropixels 1.0 (thick-shank NP1.0-S/ST variant) site, LF band	AP58	58	0.4166666666666667
LF59	SEEG	µV	0.5	500	2500	s0	Neuropixels 1.0 (thick-shank NP1.0-S/ST variant) site, LF band	AP59	59	0.4166666666666667
LF60	SEEG	µV	0.5	500	2500	s0	Neuropixels 1.0 (thick-shank NP1.0-S/ST variant) site, LF band	AP60	60	0.5
LF61	SEEG	µV	0.5	500	2500	s0	Neuropixels 1.0 (thick-shank NP1.0-S/ST variant) site, LF band	AP61	61	0.5
LF62	SEEG	µV	0.5	500	2500	s0	Neuropixels 1.0 (thick-shank NP1.0-S/ST variant) site, LF band	AP62	62	0.5833333333333334
LF63	SEEG	µV	0.5	500	2500	s0	Neuropixels 1.0 (thick-shank NP1.0-S/ST variant) site, LF band	AP63	63	0.5833333333333334
LF64	SEEG	µV	0.5	500	2500	s0	Neuropixels 1.0 (thick-shank NP1.0-S/ST variant) site, LF band	AP64	64	0.6666666666666666
LF65	SEEG	µV	0.5	500	2500	s0	Neuropixels 1.0 (thick-shank NP1.0-S/ST variant) site, LF band	AP65	65	0.6666666666666666
LF66	SEEG	µV	0.5	500	2500	s0	Neuropixels 1.0 (thick-shank NP1.0-S/ST variant) site, LF band	AP66	66	0.75
LF67	SEEG	µV	0.5	500	2500	s0	Neuropixels 1.0 (thick-shank NP1.0-S/ST variant) site, LF band	AP67	67	0.75
LF68	SEEG	µV	0.5	500	2500	s0	Neuropixels 1.0 (thick-shank NP1.0-S/ST variant) site, LF band	AP68	68	0.8333333333333334
LF69	SEEG	µV	0.5	500	2500	s0	Neuropixels 1.0 (thick-shank NP1.0-S/ST variant) site, LF band	AP69	69	0.8333333333333334
LF70	SEEG	µV	0.5	500	2500	s0	Neuropixels 1.0 (thick-shank NP1.0-S/ST variant) site, LF band	AP70	70	0.9166666666666666
LF71	SEEG	µV	0.5	500	2500	s0	Neuropixels 1.0 (thick-shank NP1.0-S/ST variant) site, LF band	AP71	71	0.9166666666666666
LF72	SEEG	µV	0.5	500	2500	s0	Neuropixels 1.0 (thick-shank NP1.0-S/ST variant) site, LF band	AP72	72	0.0
LF73	SEEG	µV	0.5	500	2500	s0	Neuropixels 1.0 (thick-shank NP1.0-S/ST variant) site, LF band	AP73	73	0.0
LF74	SEEG	µV	0.5	500	2500	s0	Neuropixels 1.0 (thick-shank NP1.0-S/ST variant) site, LF band	AP74	74	0.08333333333333333
LF75	SEEG	µV	0.5	500	2500	s0	Neuropixels 1.0 (thick-shank NP1.0-S/ST variant) site, LF band	AP75	75	0.08333333333333333
LF76	SEEG	µV	0.5	500	2500	s0	Neuropixels 1.0 (thick-shank NP1.0-S/ST variant) site, LF band	AP76	76	0.16666666666666666
LF77	SEEG	µV	0.5	500	2500	s0	Neuropixels 1.0 (thick-shank NP1.0-S/ST variant) site, LF band	AP77	77	0.16666666666666666
LF78	SEEG	µV	0.5	500	2500	s0	Neuropixels 1.0 (thick-shank NP1.0-S/ST variant) site, LF band	AP78	78	0.25
LF79	SEEG	µV	0.5	500	2500	s0	Neuropixels 1.0 (thick-shank NP1.0-S/ST variant) site, LF band	AP79	79	0.25
LF80	SEEG	µV	0.5	500	2500	s0	Neuropixels 1.0 (thick-shank NP1.0-S/ST variant) site, LF band	AP80	80	0.3333333333333333
LF81	SEEG	µV	0.5	500	2500	s0	Neuropixels 1.0 (thick-shank NP1.0-S/ST variant) site, LF band	AP81	81	0.3333333333333333
LF82	SEEG	µV	0.5	500	2500	s0	Neuropixels 1.0 (thick-shank NP1.0-S/ST variant) site, LF band	AP82	82	0.4166666666666667
LF83	SEEG	µV	0.5	500	2500	s0	Neuropixels 1.0 (thick-shank NP1.0-S/ST variant) site, LF band	AP83	83	0.4166666666666667
LF84	SEEG	µV	0.5	500	2500	s0	Neuropixels 1.0 (thick-shank NP1.0-S/ST variant) site, LF band	AP84	84	0.5
LF85	SEEG	µV	0.5	500	2500	s0	Neuropixels 1.0 (thick-shank NP1.0-S/ST variant) site, LF band	AP85	85	0.5
LF86	SEEG	µV	0.5	500	2500	s0	Neuropixels 1.0 (thick-shank NP1.0-S/ST variant) site, LF band	AP86	86	0.5833333333333334
LF87	SEEG	µV	0.5	500	2500	s0	Neuropixels 1.0 (thick-shank NP1.0-S/ST variant) site, LF band	AP87	87	0.5833333333333334
LF88	SEEG	µV	0.5	500	2500	s0	Neuropixels 1.0 (thick-shank NP1.0-S/ST variant) site, LF band	AP88	88	0.6666666666666666
LF89	SEEG	µV	0.5	500	2500	s0	Neuropixels 1.0 (thick-shank NP1.0-S/ST variant) site, LF band	AP89	89	0.6666666666666666
LF90	SEEG	µV	0.5	500	2500	s0	Neuropixels 1.0 (thick-shank NP1.0-S/ST variant) site, LF band	AP90	90	0.75
LF91	SEEG	µV	0.5	500	2500	s0	Neuropixels 1.0 (thick-shank NP1.0-S/ST variant) site, LF band	AP91	91	0.75
LF92	SEEG	µV	0.5	500	2500	s0	Neuropixels 1.0 (thick-shank NP1.0-S/ST variant) site, LF band	AP92	92	0.8333333333333334
LF93	SEEG	µV	0.5	500	2500	s0	Neuropixels 1.0 (thick-shank NP1.0-S/ST variant) site, LF band	AP93	93	0.8333333333333334
LF94	SEEG	µV	0.5	500	2500	s0	Neuropixels 1.0 (thick-shank NP1.0-S/ST variant) site, LF band	AP94	94	0.9166666666666666
LF95	SEEG	µV	0.5	500	2500	s0	Neuropixels 1.0 (thick-shank NP1.0-S/ST variant) site, LF band	AP95	95	0.9166666666666666
LF96	SEEG	µV	0.5	500	2500	s0	Neuropixels 1.0 (thick-shank NP1.0-S/ST variant) site, LF band	AP96	96	0.0
LF97	SEEG	µV	0.5	500	2500	s0	Neuropixels 1.0 (thick-shank NP1.0-S/ST variant) site, LF band	AP97	97	0.0
LF98	SEEG	µV	0.5	500	2500	s0	Neuropixels 1.0 (thick-shank NP1.0-S/ST variant) site, LF band	AP98	98	0.08333333333333333
LF99	SEEG	µV	0.5	500	2500	s0	Neuropixels 1.0 (thick-shank NP1.0-S/ST variant) site, LF band	AP99	99	0.08333333333333333
LF100	SEEG	µV	0.5	500	2500	s0	Neuropixels 1.0 (thick-shank NP1.0-S/ST variant) site, LF band	AP100	100	0.16666666666666666
LF101	SEEG	µV	0.5	500	2500	s0	Neuropixels 1.0 (thick-shank NP1.0-S/ST variant) site, LF band	AP101	101	0.16666666666666666
LF102	SEEG	µV	0.5	500	2500	s0	Neuropixels 1.0 (thick-shank NP1.0-S/ST variant) site, LF band	AP102	102	0.25
LF103	SEEG	µV	0.5	500	2500	s0	Neuropixels 1.0 (thick-shank NP1.0-S/ST variant) site, LF band	AP103	103	0.25
LF104	SEEG	µV	0.5	500	2500	s0	Neuropixels 1.0 (thick-shank NP1.0-S/ST variant) site, LF band	AP104	104	0.3333333333333333
LF105	SEEG	µV	0.5	500	2500	s0	Neuropixels 1.0 (thick-shank NP1.0-S/ST variant) site, LF band	AP105	105	0.3333333333333333
LF106	SEEG	µV	0.5	500	2500	s0	Neuropixels 1.0 (thick-shank NP1.0-S/ST variant) site, LF band	AP106	106	0.4166666666666667
LF107	SEEG	µV	0.5	500	2500	s0	Neuropixels 1.0 (thick-shank NP1.0-S/ST variant) site, LF band	AP107	107	0.4166666666666667
LF108	SEEG	µV	0.5	500	2500	s0	Neuropixels 1.0 (thick-shank NP1.0-S/ST variant) site, LF band	AP108	108	0.5
LF109	SEEG	µV	0.5	500	2500	s0	Neuropixels 1.0 (thick-shank NP1.0-S/ST variant) site, LF band	AP109	109	0.5
LF110	SEEG	µV	0.5	500	2500	s0	Neuropixels 1.0 (thick-shank NP1.0-S/ST variant) site, LF band	AP110	110	0.5833333333333334
LF111	SEEG	µV	0.5	500	2500	s0	Neuropixels 1.0 (thick-shank NP1.0-S/ST variant) site, LF band	AP111	111	0.5833333333333334
LF112	SEEG	µV	0.5	500	2500	s0	Neuropixels 1.0 (thick-shank NP1.0-S/ST variant) site, LF band	AP112	112	0.6666666666666666
LF113	SEEG	µV	0.5	500	2500	s0	Neuropixels 1.0 (thick-shank NP1.0-S/ST variant) site, LF band	AP113	113	0.6666666666666666
LF114	SEEG	µV	0.5	500	2500	s0	Neuropixels 1.0 (thick-shank NP1.0-S/ST variant) site, LF band	AP114	114	0.75
LF115	SEEG	µV	0.5	500	2500	s0	Neuropixels 1.0 (thick-shank NP1.0-S/ST variant) site, LF band	AP115	115	0.75
LF116	SEEG	µV	0.5	500	2500	s0	Neuropixels 1.0 (thick-shank NP1.0-S/ST variant) site, LF band	AP116	116	0.8333333333333334
LF117	SEEG	µV	0.5	500	2500	s0	Neuropixels 1.0 (thick-shank NP1.0-S/ST variant) site, LF band	AP117	117	0.8333333333333334
LF118	SEEG	µV	0.5	500	2500	s0	Neuropixels 1.0 (thick-shank NP1.0-S/ST variant) site, LF band	AP118	118	0.9166666666666666
LF119	SEEG	µV	0.5	500	2500	s0	Neuropixels 1.0 (thick-shank NP1.0-S/ST variant) site, LF band	AP119	119	0.9166666666666666
LF120	SEEG	µV	0.5	500	2500	s0	Neuropixels 1.0 (thick-shank NP1.0-S/ST variant) site, LF band	AP120	120	0.0
LF121	SEEG	µV	0.5	500	2500	s0	Neuropixels 1.0 (thick-shank NP1.0-S/ST variant) site, LF band	AP121	121	0.0
LF122	SEEG	µV	0.5	500	2500	s0	Neuropixels 1.0 (thick-shank NP1.0-S/ST variant) site, LF band	AP122	122	0.08333333333333333
LF123	SEEG	µV	0.5	500	2500	s0	Neuropixels 1.0 (thick-shank NP1.0-S/ST variant) site, LF band	AP123	123	0.08333333333333333
LF124	SEEG	µV	0.5	500	2500	s0	Neuropixels 1.0 (thick-shank NP1.0-S/ST variant) site, LF band	AP124	124	0.16666666666666666
LF125	SEEG	µV	0.5	500	2500	s0	Neuropixels 1.0 (thick-shank NP1.0-S/ST variant) site, LF band	AP125	125	0.16666666666666666
LF126	SEEG	µV	0.5	500	2500	s0	Neuropixels 1.0 (thick-shank NP1.0-S/ST variant) site, LF band	AP126	126	0.25
LF127	SEEG	µV	0.5	500	2500	s0	Neuropixels 1.0 (thick-shank NP1.0-S/ST variant) site, LF band	AP127	127	0.25
LF128	SEEG	µV	0.5	500	2500	s0	Neuropixels 1.0 (thick-shank NP1.0-S/ST variant) site, LF band	AP128	128	0.3333333333333333
LF129	SEEG	µV	0.5	500	2500	s0	Neuropixels 1.0 (thick-shank NP1.0-S/ST variant) site, LF band	AP129	129	0.3333333333333333
LF130	SEEG	µV	0.5	500	2500	s0	Neuropixels 1.0 (thick-shank NP1.0-S/ST variant) site, LF band	AP130	130	0.4166666666666667
LF131	SEEG	µV	0.5	500	2500	s0	Neuropixels 1.0 (thick-shank NP1.0-S/ST variant) site, LF band	AP131	131	0.4166666666666667
LF132	SEEG	µV	0.5	500	2500	s0	Neuropixels 1.0 (thick-shank NP1.0-S/ST variant) site, LF band	AP132	132	0.5
LF133	SEEG	µV	0.5	500	2500	s0	Neuropixels 1.0 (thick-shank NP1.0-S/ST variant) site, LF band	AP133	133	0.5
LF134	SEEG	µV	0.5	500	2500	s0	Neuropixels 1.0 (thick-shank NP1.0-S/ST variant) site, LF band	AP134	134	0.5833333333333334
LF135	SEEG	µV	0.5	500	2500	s0	Neuropixels 1.0 (thick-shank NP1.0-S/ST variant) site, LF band	AP135	135	0.5833333333333334
LF136	SEEG	µV	0.5	500	2500	s0	Neuropixels 1.0 (thick-shank NP1.0-S/ST variant) site, LF band	AP136	136	0.6666666666666666
LF137	SEEG	µV	0.5	500	2500	s0	Neuropixels 1.0 (thick-shank NP1.0-S/ST variant) site, LF band	AP137	137	0.6666666666666666
LF138	SEEG	µV	0.5	500	2500	s0	Neuropixels 1.0 (thick-shank NP1.0-S/ST variant) site, LF band	AP138	138	0.75
LF139	SEEG	µV	0.5	500	2500	s0	Neuropixels 1.0 (thick-shank NP1.0-S/ST variant) site, LF band	AP139	139	0.75
LF140	SEEG	µV	0.5	500	2500	s0	Neuropixels 1.0 (thick-shank NP1.0-S/ST variant) site, LF band	AP140	140	0.8333333333333334
LF141	SEEG	µV	0.5	500	2500	s0	Neuropixels 1.0 (thick-shank NP1.0-S/ST variant) site, LF band	AP141	141	0.8333333333333334
LF142	SEEG	µV	0.5	500	2500	s0	Neuropixels 1.0 (thick-shank NP1.0-S/ST variant) site, LF band	AP142	142	0.9166666666666666
LF143	SEEG	µV	0.5	500	2500	s0	Neuropixels 1.0 (thick-shank NP1.0-S/ST variant) site, LF band	AP143	143	0.9166666666666666
LF144	SEEG	µV	0.5	500	2500	s0	Neuropixels 1.0 (thick-shank NP1.0-S/ST variant) site, LF band	AP144	144	0.0
LF145	SEEG	µV	0.5	500	2500	s0	Neuropixels 1.0 (thick-shank NP1.0-S/ST variant) site, LF band	AP145	145	0.0
LF146	SEEG	µV	0.5	500	2500	s0	Neuropixels 1.0 (thick-shank NP1.0-S/ST variant) site, LF band	AP146	146	0.08333333333333333
LF147	SEEG	µV	0.5	500	2500	s0	Neuropixels 1.0 (thick-shank NP1.0-S/ST variant) site, LF band	AP147	147	0.08333333333333333
LF148	SEEG	µV	0.5	500	2500	s0	Neuropixels 1.0 (thick-shank NP1.0-S/ST variant) site, LF band	AP148	148	0.16666666666666666
LF149	SEEG	µV	0.5	500	2500	s0	Neuropixels 1.0 (thick-shank NP1.0-S/ST variant) site, LF band	AP149	149	0.16666666666666666
LF150	SEEG	µV	0.5	500	2500	s0	Neuropixels 1.0 (thick-shank NP1.0-S/ST variant) site, LF band	AP150	150	0.25
LF151	SEEG	µV	0.5	500	2500	s0	Neuropixels 1.0 (thick-shank NP1.0-S/ST variant) site, LF band	AP151	151	0.25
LF152	SEEG	µV	0.5	500	2500	s0	Neuropixels 1.0 (thick-shank NP1.0-S/ST variant) site, LF band	AP152	152	0.3333333333333333
LF153	SEEG	µV	0.5	500	2500	s0	Neuropixels 1.0 (thick-shank NP1.0-S/ST variant) site, LF band	AP153	153	0.3333333333333333
LF154	SEEG	µV	0.5	500	2500	s0	Neuropixels 1.0 (thick-shank NP1.0-S/ST variant) site, LF band	AP154	154	0.4166666666666667
LF155	SEEG	µV	0.5	500	2500	s0	Neuropixels 1.0 (thick-shank NP1.0-S/ST variant) site, LF band	AP155	155	0.4166666666666667
LF156	SEEG	µV	0.5	500	2500	s0	Neuropixels 1.0 (thick-shank NP1.0-S/ST variant) site, LF band	AP156	156	0.5
LF157	SEEG	µV	0.5	500	2500	s0	Neuropixels 1.0 (thick-shank NP1.0-S/ST variant) site, LF band	AP157	157	0.5
LF158	SEEG	µV	0.5	500	2500	s0	Neuropixels 1.0 (thick-shank NP1.0-S/ST variant) site, LF band	AP158	158	0.5833333333333334
LF159	SEEG	µV	0.5	500	2500	s0	Neuropixels 1.0 (thick-shank NP1.0-S/ST variant) site, LF band	AP159	159	0.5833333333333334
LF160	SEEG	µV	0.5	500	2500	s0	Neuropixels 1.0 (thick-shank NP1.0-S/ST variant) site, LF band	AP160	160	0.6666666666666666
LF161	SEEG	µV	0.5	500	2500	s0	Neuropixels 1.0 (thick-shank NP1.0-S/ST variant) site, LF band	AP161	161	0.6666666666666666
LF162	SEEG	µV	0.5	500	2500	s0	Neuropixels 1.0 (thick-shank NP1.0-S/ST variant) site, LF band	AP162	162	0.75
LF163	SEEG	µV	0.5	500	2500	s0	Neuropixels 1.0 (thick-shank NP1.0-S/ST variant) site, LF band	AP163	163	0.75
LF164	SEEG	µV	0.5	500	2500	s0	Neuropixels 1.0 (thick-shank NP1.0-S/ST variant) site, LF band	AP164	164	0.8333333333333334
LF165	SEEG	µV	0.5	500	2500	s0	Neuropixels 1.0 (thick-shank NP1.0-S/ST variant) site, LF band	AP165	165	0.8333333333333334
LF166	SEEG	µV	0.5	500	2500	s0	Neuropixels 1.0 (thick-shank NP1.0-S/ST variant) site, LF band	AP166	166	0.9166666666666666
LF167	SEEG	µV	0.5	500	2500	s0	Neuropixels 1.0 (thick-shank NP1.0-S/ST variant) site, LF band	AP167	167	0.9166666666666666
LF168	SEEG	µV	0.5	500	2500	s0	Neuropixels 1.0 (thick-shank NP1.0-S/ST variant) site, LF band	AP168	168	0.0
LF169	SEEG	µV	0.5	500	2500	s0	Neuropixels 1.0 (thick-shank NP1.0-S/ST variant) site, LF band	AP169	169	0.0
LF170	SEEG	µV	0.5	500	2500	s0	Neuropixels 1.0 (thick-shank NP1.0-S/ST variant) site, LF band	AP170	170	0.08333333333333333
LF171	SEEG	µV	0.5	500	2500	s0	Neuropixels 1.0 (thick-shank NP1.0-S/ST variant) site, LF band	AP171	171	0.08333333333333333
LF172	SEEG	µV	0.5	500	2500	s0	Neuropixels 1.0 (thick-shank NP1.0-S/ST variant) site, LF band	AP172	172	0.16666666666666666
LF173	SEEG	µV	0.5	500	2500	s0	Neuropixels 1.0 (thick-shank NP1.0-S/ST variant) site, LF band	AP173	173	0.16666666666666666
LF174	SEEG	µV	0.5	500	2500	s0	Neuropixels 1.0 (thick-shank NP1.0-S/ST variant) site, LF band	AP174	174	0.25
LF175	SEEG	µV	0.5	500	2500	s0	Neuropixels 1.0 (thick-shank NP1.0-S/ST variant) site, LF band	AP175	175	0.25
LF176	SEEG	µV	0.5	500	2500	s0	Neuropixels 1.0 (thick-shank NP1.0-S/ST variant) site, LF band	AP176	176	0.3333333333333333
LF177	SEEG	µV	0.5	500	2500	s0	Neuropixels 1.0 (thick-shank NP1.0-S/ST variant) site, LF band	AP177	177	0.3333333333333333
LF178	SEEG	µV	0.5	500	2500	s0	Neuropixels 1.0 (thick-shank NP1.0-S/ST variant) site, LF band	AP178	178	0.4166666666666667
LF179	SEEG	µV	0.5	500	2500	s0	Neuropixels 1.0 (thick-shank NP1.0-S/ST variant) site, LF band	AP179	179	0.4166666666666667
LF180	SEEG	µV	0.5	500	2500	s0	Neuropixels 1.0 (thick-shank NP1.0-S/ST variant) site, LF band	AP180	180	0.5
LF181	SEEG	µV	0.5	500	2500	s0	Neuropixels 1.0 (thick-shank NP1.0-S/ST variant) site, LF band	AP181	181	0.5
LF182	SEEG	µV	0.5	500	2500	s0	Neuropixels 1.0 (thick-shank NP1.0-S/ST variant) site, LF band	AP182	182	0.5833333333333334
LF183	SEEG	µV	0.5	500	2500	s0	Neuropixels 1.0 (thick-shank NP1.0-S/ST variant) site, LF band	AP183	183	0.5833333333333334
LF184	SEEG	µV	0.5	500	2500	s0	Neuropixels 1.0 (thick-shank NP1.0-S/ST variant) site, LF band	AP184	184	0.6666666666666666
LF185	SEEG	µV	0.5	500	2500	s0	Neuropixels 1.0 (thick-shank NP1.0-S/ST variant) site, LF band	AP185	185	0.6666666666666666
LF186	SEEG	µV	0.5	500	2500	s0	Neuropixels 1.0 (thick-shank NP1.0-S/ST variant) site, LF band	AP186	186	0.75
LF187	SEEG	µV	0.5	500	2500	s0	Neuropixels 1.0 (thick-shank NP1.0-S/ST variant) site, LF band	AP187	187	0.75
LF188	SEEG	µV	0.5	500	2500	s0	Neuropixels 1.0 (thick-shank NP1.0-S/ST variant) site, LF band	AP188	188	0.8333333333333334
LF189	SEEG	µV	0.5	500	2500	s0	Neuropixels 1.0 (thick-shank NP1.0-S/ST variant) site, LF band	AP189	189	0.8333333333333334
LF190	SEEG	µV	0.5	500	2500	s0	Neuropixels 1.0 (thick-shank NP1.0-S/ST variant) site, LF band	AP190	190	0.9166666666666666
LF191	SEEG	µV	0.5	500	2500	s0	Neuropixels 1.0 (thick-shank NP1.0-S/ST variant) site, LF band	AP191	191	0.9166666666666666
LF192	SEEG	µV	0.5	500	2500	s0	Neuropixels 1.0 (thick-shank NP1.0-S/ST variant) site, LF band	AP192	192	0.0
LF193	SEEG	µV	0.5	500	2500	s0	Neuropixels 1.0 (thick-shank NP1.0-S/ST variant) site, LF band	AP193	193	0.0
LF194	SEEG	µV	0.5	500	2500	s0	Neuropixels 1.0 (thick-shank NP1.0-S/ST variant) site, LF band	AP194	194	0.08333333333333333
LF195	SEEG	µV	0.5	500	2500	s0	Neuropixels 1.0 (thick-shank NP1.0-S/ST variant) site, LF band	AP195	195	0.08333333333333333
LF196	SEEG	µV	0.5	500	2500	s0	Neuropixels 1.0 (thick-shank NP1.0-S/ST variant) site, LF band	AP196	196	0.16666666666666666
LF197	SEEG	µV	0.5	500	2500	s0	Neuropixels 1.0 (thick-shank NP1.0-S/ST variant) site, LF band	AP197	197	0.16666666666666666
LF198	SEEG	µV	0.5	500	2500	s0	Neuropixels 1.0 (thick-shank NP1.0-S/ST variant) site, LF band	AP198	198	0.25
LF199	SEEG	µV	0.5	500	2500	s0	Neuropixels 1.0 (thick-shank NP1.0-S/ST variant) site, LF band	AP199	199	0.25
LF200	SEEG	µV	0.5	500	2500	s0	Neuropixels 1.0 (thick-shank NP1.0-S/ST variant) site, LF band	AP200	200	0.3333333333333333
LF201	SEEG	µV	0.5	500	2500	s0	Neuropixels 1.0 (thick-shank NP1.0-S/ST variant) site, LF band	AP201	201	0.3333333333333333
LF202	SEEG	µV	0.5	500	2500	s0	Neuropixels 1.0 (thick-shank NP1.0-S/ST variant) site, LF band	AP202	202	0.4166666666666667
LF203	SEEG	µV	0.5	500	2500	s0	Neuropixels 1.0 (thick-shank NP1.0-S/ST variant) site, LF band	AP203	203	0.4166666666666667
LF204	SEEG	µV	0.5	500	2500	s0	Neuropixels 1.0 (thick-shank NP1.0-S/ST variant) site, LF band	AP204	204	0.5
LF205	SEEG	µV	0.5	500	2500	s0	Neuropixels 1.0 (thick-shank NP1.0-S/ST variant) site, LF band	AP205	205	0.5
LF206	SEEG	µV	0.5	500	2500	s0	Neuropixels 1.0 (thick-shank NP1.0-S/ST variant) site, LF band	AP206	206	0.5833333333333334
LF207	SEEG	µV	0.5	500	2500	s0	Neuropixels 1.0 (thick-shank NP1.0-S/ST variant) site, LF band	AP207	207	0.5833333333333334
LF208	SEEG	µV	0.5	500	2500	s0	Neuropixels 1.0 (thick-shank NP1.0-S/ST variant) site, LF band	AP208	208	0.6666666666666666
LF209	SEEG	µV	0.5	500	2500	s0	Neuropixels 1.0 (thick-shank NP1.0-S/ST variant) site, LF band	AP209	209	0.6666666666666666
LF210	SEEG	µV	0.5	500	2500	s0	Neuropixels 1.0 (thick-shank NP1.0-S/ST variant) site, LF band	AP210	210	0.75
LF211	SEEG	µV	0.5	500	2500	s0	Neuropixels 1.0 (thick-shank NP1.0-S/ST variant) site, LF band	AP211	211	0.75
LF212	SEEG	µV	0.5	500	2500	s0	Neuropixels 1.0 (thick-shank NP1.0-S/ST variant) site, LF band	AP212	212	0.8333333333333334
LF213	SEEG	µV	0.5	500	2500	s0	Neuropixels 1.0 (thick-shank NP1.0-S/ST variant) site, LF band	AP213	213	0.8333333333333334
LF214	SEEG	µV	0.5	500	2500	s0	Neuropixels 1.0 (thick-shank NP1.0-S/ST variant) site, LF band	AP214	214	0.9166666666666666
LF215	SEEG	µV	0.5	500	2500	s0	Neuropixels 1.0 (thick-shank NP1.0-S/ST variant) site, LF band	AP215	215	0.9166666666666666
LF216	SEEG	µV	0.5	500	2500	s0	Neuropixels 1.0 (thick-shank NP1.0-S/ST variant) site, LF band	AP216	216	0.0
LF217	SEEG	µV	0.5	500	2500	s0	Neuropixels 1.0 (thick-shank NP1.0-S/ST variant) site, LF band	AP217	217	0.0
LF218	SEEG	µV	0.5	500	2500	s0	Neuropixels 1.0 (thick-shank NP1.0-S/ST variant) site, LF band	AP218	218	0.08333333333333333
LF219	SEEG	µV	0.5	500	2500	s0	Neuropixels 1.0 (thick-shank NP1.0-S/ST variant) site, LF band	AP219	219	0.08333333333333333
LF220	SEEG	µV	0.5	500	2500	s0	Neuropixels 1.0 (thick-shank NP1.0-S/ST variant) site, LF band	AP220	220	0.16666666666666666
LF221	SEEG	µV	0.5	500	2500	s0	Neuropixels 1.0 (thick-shank NP1.0-S/ST variant) site, LF band	AP221	221	0.16666666666666666
LF222	SEEG	µV	0.5	500	2500	s0	Neuropixels 1.0 (thick-shank NP1.0-S/ST variant) site, LF band	AP222	222	0.25
LF223	SEEG	µV	0.5	500	2500	s0	Neuropixels 1.0 (thick-shank NP1.0-S/ST variant) site, LF band	AP223	223	0.25
LF224	SEEG	µV	0.5	500	2500	s0	Neuropixels 1.0 (thick-shank NP1.0-S/ST variant) site, LF band	AP224	224	0.3333333333333333
LF225	SEEG	µV	0.5	500	2500	s0	Neuropixels 1.0 (thick-shank NP1.0-S/ST variant) site, LF band	AP225	225	0.3333333333333333
LF226	SEEG	µV	0.5	500	2500	s0	Neuropixels 1.0 (thick-shank NP1.0-S/ST variant) site, LF band	AP226	226	0.4166666666666667
LF227	SEEG	µV	0.5	500	2500	s0	Neuropixels 1.0 (thick-shank NP1.0-S/ST variant) site, LF band	AP227	227	0.4166666666666667
LF228	SEEG	µV	0.5	500	2500	s0	Neuropixels 1.0 (thick-shank NP1.0-S/ST variant) site, LF band	AP228	228	0.5
LF229	SEEG	µV	0.5	500	2500	s0	Neuropixels 1.0 (thick-shank NP1.0-S/ST variant) site, LF band	AP229	229	0.5
LF230	SEEG	µV	0.5	500	2500	s0	Neuropixels 1.0 (thick-shank NP1.0-S/ST variant) site, LF band	AP230	230	0.5833333333333334
LF231	SEEG	µV	0.5	500	2500	s0	Neuropixels 1.0 (thick-shank NP1.0-S/ST variant) site, LF band	AP231	231	0.5833333333333334
LF232	SEEG	µV	0.5	500	2500	s0	Neuropixels 1.0 (thick-shank NP1.0-S/ST variant) site, LF band	AP232	232	0.6666666666666666
LF233	SEEG	µV	0.5	500	2500	s0	Neuropixels 1.0 (thick-shank NP1.0-S/ST variant) site, LF band	AP233	233	0.6666666666666666
LF234	SEEG	µV	0.5	500	2500	s0	Neuropixels 1.0 (thick-shank NP1.0-S/ST variant) site, LF band	AP234	234	0.75
LF235	SEEG	µV	0.5	500	2500	s0	Neuropixels 1.0 (thick-shank NP1.0-S/ST variant) site, LF band	AP235	235	0.75
LF236	SEEG	µV	0.5	500	2500	s0	Neuropixels 1.0 (thick-shank NP1.0-S/ST variant) site, LF band	AP236	236	0.8333333333333334
LF237	SEEG	µV	0.5	500	2500	s0	Neuropixels 1.0 (thick-shank NP1.0-S/ST variant) site, LF band	AP237	237	0.8333333333333334
LF238	SEEG	µV	0.5	500	2500	s0	Neuropixels 1.0 (thick-shank NP1.0-S/ST variant) site, LF band	AP238	238	0.9166666666666666
LF239	SEEG	µV	0.5	500	2500	s0	Neuropixels 1.0 (thick-shank NP1.0-S/ST variant) site, LF band	AP239	239	0.9166666666666666
LF240	SEEG	µV	0.5	500	2500	s0	Neuropixels 1.0 (thick-shank NP1.0-S/ST variant) site, LF band	AP240	240	0.0
LF241	SEEG	µV	0.5	500	2500	s0	Neuropixels 1.0 (thick-shank NP1.0-S/ST variant) site, LF band	AP241	241	0.0
LF242	SEEG	µV	0.5	500	2500	s0	Neuropixels 1.0 (thick-shank NP1.0-S/ST variant) site, LF band	AP242	242	0.08333333333333333
LF243	SEEG	µV	0.5	500	2500	s0	Neuropixels 1.0 (thick-shank NP1.0-S/ST variant) site, LF band	AP243	243	0.08333333333333333
LF244	SEEG	µV	0.5	500	2500	s0	Neuropixels 1.0 (thick-shank NP1.0-S/ST variant) site, LF band	AP244	244	0.16666666666666666
LF245	SEEG	µV	0.5	500	2500	s0	Neuropixels 1.0 (thick-shank NP1.0-S/ST variant) site, LF band	AP245	245	0.16666666666666666
LF246	SEEG	µV	0.5	500	2500	s0	Neuropixels 1.0 (thick-shank NP1.0-S/ST variant) site, LF band	AP246	246	0.25
LF247	SEEG	µV	0.5	500	2500	s0	Neuropixels 1.0 (thick-shank NP1.0-S/ST variant) site, LF band	AP247	247	0.25
LF248	SEEG	µV	0.5	500	2500	s0	Neuropixels 1.0 (thick-shank NP1.0-S/ST variant) site, LF band	AP248	248	0.3333333333333333
LF249	SEEG	µV	0.5	500	2500	s0	Neuropixels 1.0 (thick-shank NP1.0-S/ST variant) site, LF band	AP249	249	0.3333333333333333
LF250	SEEG	µV	0.5	500	2500	s0	Neuropixels 1.0 (thick-shank NP1.0-S/ST variant) site, LF band	AP250	250	0.4166666666666667
LF251	SEEG	µV	0.5	500	2500	s0	Neuropixels 1.0 (thick-shank NP1.0-S/ST variant) site, LF band	AP251	251	0.4166666666666667
LF252	SEEG	µV	0.5	500	2500	s0	Neuropixels 1.0 (thick-shank NP1.0-S/ST variant) site, LF band	AP252	252	0.5
LF253	SEEG	µV	0.5	500	2500	s0	Neuropixels 1.0 (thick-shank NP1.0-S/ST variant) site, LF band	AP253	253	0.5
LF254	SEEG	µV	0.5	500	2500	s0	Neuropixels 1.0 (thick-shank NP1.0-S/ST variant) site, LF band	AP254	254	0.5833333333333334
LF255	SEEG	µV	0.5	500	2500	s0	Neuropixels 1.0 (thick-shank NP1.0-S/ST variant) site, LF band	AP255	255	0.5833333333333334
LF256	SEEG	µV	0.5	500	2500	s0	Neuropixels 1.0 (thick-shank NP1.0-S/ST variant) site, LF band	AP256	256	0.6666666666666666
LF257	SEEG	µV	0.5	500	2500	s0	Neuropixels 1.0 (thick-shank NP1.0-S/ST variant) site, LF band	AP257	257	0.6666666666666666
LF258	SEEG	µV	0.5	500	2500	s0	Neuropixels 1.0 (thick-shank NP1.0-S/ST variant) site, LF band	AP258	258	0.75
LF259	SEEG	µV	0.5	500	2500	s0	Neuropixels 1.0 (thick-shank NP1.0-S/ST variant) site, LF band	AP259	259	0.75
LF260	SEEG	µV	0.5	500	2500	s0	Neuropixels 1.0 (thick-shank NP1.0-S/ST variant) site, LF band	AP260	260	0.8333333333333334
LF261	SEEG	µV	0.5	500	2500	s0	Neuropixels 1.0 (thick-shank NP1.0-S/ST variant) site, LF band	AP261	261	0.8333333333333334
LF262	SEEG	µV	0.5	500	2500	s0	Neuropixels 1.0 (thick-shank NP1.0-S/ST variant) site, LF band	AP262	262	0.9166666666666666
LF263	SEEG	µV	0.5	500	2500	s0	Neuropixels 1.0 (thick-shank NP1.0-S/ST variant) site, LF band	AP263	263	0.9166666666666666
LF264	SEEG	µV	0.5	500	2500	s0	Neuropixels 1.0 (thick-shank NP1.0-S/ST variant) site, LF band	AP264	264	0.0
LF265	SEEG	µV	0.5	500	2500	s0	Neuropixels 1.0 (thick-shank NP1.0-S/ST variant) site, LF band	AP265	265	0.0
LF266	SEEG	µV	0.5	500	2500	s0	Neuropixels 1.0 (thick-shank NP1.0-S/ST variant) site, LF band	AP266	266	0.08333333333333333
LF267	SEEG	µV	0.5	500	2500	s0	Neuropixels 1.0 (thick-shank NP1.0-S/ST variant) site, LF band	AP267	267	0.08333333333333333
LF268	SEEG	µV	0.5	500	2500	s0	Neuropixels 1.0 (thick-shank NP1.0-S/ST variant) site, LF band	AP268	268	0.16666666666666666
LF269	SEEG	µV	0.5	500	2500	s0	Neuropixels 1.0 (thick-shank NP1.0-S/ST variant) site, LF band	AP269	269	0.16666666666666666
LF270	SEEG	µV	0.5	500	2500	s0	Neuropixels 1.0 (thick-shank NP1.0-S/ST variant) site, LF band	AP270	270	0.25
LF271	SEEG	µV	0.5	500	2500	s0	Neuropixels 1.0 (thick-shank NP1.0-S/ST variant) site, LF band	AP271	271	0.25
LF272	SEEG	µV	0.5	500	2500	s0	Neuropixels 1.0 (thick-shank NP1.0-S/ST variant) site, LF band	AP272	272	0.3333333333333333
LF273	SEEG	µV	0.5	500	2500	s0	Neuropixels 1.0 (thick-shank NP1.0-S/ST variant) site, LF band	AP273	273	0.3333333333333333
LF274	SEEG	µV	0.5	500	2500	s0	Neuropixels 1.0 (thick-shank NP1.0-S/ST variant) site, LF band	AP274	274	0.4166666666666667
LF275	SEEG	µV	0.5	500	2500	s0	Neuropixels 1.0 (thick-shank NP1.0-S/ST variant) site, LF band	AP275	275	0.4166666666666667
LF276	SEEG	µV	0.5	500	2500	s0	Neuropixels 1.0 (thick-shank NP1.0-S/ST variant) site, LF band	AP276	276	0.5
LF277	SEEG	µV	0.5	500	2500	s0	Neuropixels 1.0 (thick-shank NP1.0-S/ST variant) site, LF band	AP277	277	0.5
LF278	SEEG	µV	0.5	500	2500	s0	Neuropixels 1.0 (thick-shank NP1.0-S/ST variant) site, LF band	AP278	278	0.5833333333333334
LF279	SEEG	µV	0.5	500	2500	s0	Neuropixels 1.0 (thick-shank NP1.0-S/ST variant) site, LF band	AP279	279	0.5833333333333334
LF280	SEEG	µV	0.5	500	2500	s0	Neuropixels 1.0 (thick-shank NP1.0-S/ST variant) site, LF band	AP280	280	0.6666666666666666
LF281	SEEG	µV	0.5	500	2500	s0	Neuropixels 1.0 (thick-shank NP1.0-S/ST variant) site, LF band	AP281	281	0.6666666666666666
LF282	SEEG	µV	0.5	500	2500	s0	Neuropixels 1.0 (thick-shank NP1.0-S/ST variant) site, LF band	AP282	282	0.75
LF283	SEEG	µV	0.5	500	2500	s0	Neuropixels 1.0 (thick-shank NP1.0-S/ST variant) site, LF band	AP283	283	0.75
LF284	SEEG	µV	0.5	500	2500	s0	Neuropixels 1.0 (thick-shank NP1.0-S/ST variant) site, LF band	AP284	284	0.8333333333333334
LF285	SEEG	µV	0.5	500	2500	s0	Neuropixels 1.0 (thick-shank NP1.0-S/ST variant) site, LF band	AP285	285	0.8333333333333334
LF286	SEEG	µV	0.5	500	2500	s0	Neuropixels 1.0 (thick-shank NP1.0-S/ST variant) site, LF band	AP286	286	0.9166666666666666
LF287	SEEG	µV	0.5	500	2500	s0	Neuropixels 1.0 (thick-shank NP1.0-S/ST variant) site, LF band	AP287	287	0.9166666666666666
LF288	SEEG	µV	0.5	500	2500	s0	Neuropixels 1.0 (thick-shank NP1.0-S/ST variant) site, LF band	AP288	288	0.0
LF289	SEEG	µV	0.5	500	2500	s0	Neuropixels 1.0 (thick-shank NP1.0-S/ST variant) site, LF band	AP289	289	0.0
LF290	SEEG	µV	0.5	500	2500	s0	Neuropixels 1.0 (thick-shank NP1.0-S/ST variant) site, LF band	AP290	290	0.08333333333333333
LF291	SEEG	µV	0.5	500	2500	s0	Neuropixels 1.0 (thick-shank NP1.0-S/ST variant) site, LF band	AP291	291	0.08333333333333333
LF292	SEEG	µV	0.5	500	2500	s0	Neuropixels 1.0 (thick-shank NP1.0-S/ST variant) site, LF band	AP292	292	0.16666666666666666
LF293	SEEG	µV	0.5	500	2500	s0	Neuropixels 1.0 (thick-shank NP1.0-S/ST variant) site, LF band	AP293	293	0.16666666666666666
LF294	SEEG	µV	0.5	500	2500	s0	Neuropixels 1.0 (thick-shank NP1.0-S/ST variant) site, LF band	AP294	294	0.25
LF295	SEEG	µV	0.5	500	2500	s0	Neuropixels 1.0 (thick-shank NP1.0-S/ST variant) site, LF band	AP295	295	0.25
LF296	SEEG	µV	0.5	500	2500	s0	Neuropixels 1.0 (thick-shank NP1.0-S/ST variant) site, LF band	AP296	296	0.3333333333333333
LF297	SEEG	µV	0.5	500	2500	s0	Neuropixels 1.0 (thick-shank NP1.0-S/ST variant) site, LF band	AP297	297	0.3333333333333333
LF298	SEEG	µV	0.5	500	2500	s0	Neuropixels 1.0 (thick-shank NP1.0-S/ST variant) site, LF band	AP298	298	0.4166666666666667
LF299	SEEG	µV	0.5	500	2500	s0	Neuropixels 1.0 (thick-shank NP1.0-S/ST variant) site, LF band	AP299	299	0.4166666666666667
LF300	SEEG	µV	0.5	500	2500	s0	Neuropixels 1.0 (thick-shank NP1.0-S/ST variant) site, LF band	AP300	300	0.5
LF301	SEEG	µV	0.5	500	2500	s0	Neuropixels 1.0 (thick-shank NP1.0-S/ST variant) site, LF band	AP301	301	0.5
LF302	SEEG	µV	0.5	500	2500	s0	Neuropixels 1.0 (thick-shank NP1.0-S/ST variant) site, LF band	AP302	302	0.5833333333333334
LF303	SEEG	µV	0.5	500	2500	s0	Neuropixels 1.0 (thick-shank NP1.0-S/ST variant) site, LF band	AP303	303	0.5833333333333334
LF304	SEEG	µV	0.5	500	2500	s0	Neuropixels 1.0 (thick-shank NP1.0-S/ST variant) site, LF band	AP304	304	0.6666666666666666
LF305	SEEG	µV	0.5	500	2500	s0	Neuropixels 1.0 (thick-shank NP1.0-S/ST variant) site, LF band	AP305	305	0.6666666666666666
LF306	SEEG	µV	0.5	500	2500	s0	Neuropixels 1.0 (thick-shank NP1.0-S/ST variant) site, LF band	AP306	306	0.75
LF307	SEEG	µV	0.5	500	2500	s0	Neuropixels 1.0 (thick-shank NP1.0-S/ST variant) site, LF band	AP307	307	0.75
LF308	SEEG	µV	0.5	500	2500	s0	Neuropixels 1.0 (thick-shank NP1.0-S/ST variant) site, LF band	AP308	308	0.8333333333333334
LF309	SEEG	µV	0.5	500	2500	s0	Neuropixels 1.0 (thick-shank NP1.0-S/ST variant) site, LF band	AP309	309	0.8333333333333334
LF310	SEEG	µV	0.5	500	2500	s0	Neuropixels 1.0 (thick-shank NP1.0-S/ST variant) site, LF band	AP310	310	0.9166666666666666
LF311	SEEG	µV	0.5	500	2500	s0	Neuropixels 1.0 (thick-shank NP1.0-S/ST variant) site, LF band	AP311	311	0.9166666666666666
LF312	SEEG	µV	0.5	500	2500	s0	Neuropixels 1.0 (thick-shank NP1.0-S/ST variant) site, LF band	AP312	312	0.0
LF313	SEEG	µV	0.5	500	2500	s0	Neuropixels 1.0 (thick-shank NP1.0-S/ST variant) site, LF band	AP313	313	0.0
LF314	SEEG	µV	0.5	500	2500	s0	Neuropixels 1.0 (thick-shank NP1.0-S/ST variant) site, LF band	AP314	314	0.08333333333333333
LF315	SEEG	µV	0.5	500	2500	s0	Neuropixels 1.0 (thick-shank NP1.0-S/ST variant) site, LF band	AP315	315	0.08333333333333333
LF316	SEEG	µV	0.5	500	2500	s0	Neuropixels 1.0 (thick-shank NP1.0-S/ST variant) site, LF band	AP316	316	0.16666666666666666
LF317	SEEG	µV	0.5	500	2500	s0	Neuropixels 1.0 (thick-shank NP1.0-S/ST variant) site, LF band	AP317	317	0.16666666666666666
LF318	SEEG	µV	0.5	500	2500	s0	Neuropixels 1.0 (thick-shank NP1.0-S/ST variant) site, LF band	AP318	318	0.25
LF319	SEEG	µV	0.5	500	2500	s0	Neuropixels 1.0 (thick-shank NP1.0-S/ST variant) site, LF band	AP319	319	0.25
LF320	SEEG	µV	0.5	500	2500	s0	Neuropixels 1.0 (thick-shank NP1.0-S/ST variant) site, LF band	AP320	320	0.3333333333333333
LF321	SEEG	µV	0.5	500	2500	s0	Neuropixels 1.0 (thick-shank NP1.0-S/ST variant) site, LF band	AP321	321	0.3333333333333333
LF322	SEEG	µV	0.5	500	2500	s0	Neuropixels 1.0 (thick-shank NP1.0-S/ST variant) site, LF band	AP322	322	0.4166666666666667
LF323	SEEG	µV	0.5	500	2500	s0	Neuropixels 1.0 (thick-shank NP1.0-S/ST variant) site, LF band	AP323	323	0.4166666666666667
LF324	SEEG	µV	0.5	500	2500	s0	Neuropixels 1.0 (thick-shank NP1.0-S/ST variant) site, LF band	AP324	324	0.5
LF325	SEEG	µV	0.5	500	2500	s0	Neuropixels 1.0 (thick-shank NP1.0-S/ST variant) site, LF band	AP325	325	0.5
LF326	SEEG	µV	0.5	500	2500	s0	Neuropixels 1.0 (thick-shank NP1.0-S/ST variant) site, LF band	AP326	326	0.5833333333333334
LF327	SEEG	µV	0.5	500	2500	s0	Neuropixels 1.0 (thick-shank NP1.0-S/ST variant) site, LF band	AP327	327	0.5833333333333334
LF328	SEEG	µV	0.5	500	2500	s0	Neuropixels 1.0 (thick-shank NP1.0-S/ST variant) site, LF band	AP328	328	0.6666666666666666
LF329	SEEG	µV	0.5	500	2500	s0	Neuropixels 1.0 (thick-shank NP1.0-S/ST variant) site, LF band	AP329	329	0.6666666666666666
LF330	SEEG	µV	0.5	500	2500	s0	Neuropixels 1.0 (thick-shank NP1.0-S/ST variant) site, LF band	AP330	330	0.75
LF331	SEEG	µV	0.5	500	2500	s0	Neuropixels 1.0 (thick-shank NP1.0-S/ST variant) site, LF band	AP331	331	0.75
LF332	SEEG	µV	0.5	500	2500	s0	Neuropixels 1.0 (thick-shank NP1.0-S/ST variant) site, LF band	AP332	332	0.8333333333333334
LF333	SEEG	µV	0.5	500	2500	s0	Neuropixels 1.0 (thick-shank NP1.0-S/ST variant) site, LF band	AP333	333	0.8333333333333334
LF334	SEEG	µV	0.5	500	2500	s0	Neuropixels 1.0 (thick-shank NP1.0-S/ST variant) site, LF band	AP334	334	0.9166666666666666
LF335	SEEG	µV	0.5	500	2500	s0	Neuropixels 1.0 (thick-shank NP1.0-S/ST variant) site, LF band	AP335	335	0.9166666666666666
LF336	SEEG	µV	0.5	500	2500	s0	Neuropixels 1.0 (thick-shank NP1.0-S/ST variant) site, LF band	AP336	336	0.0
LF337	SEEG	µV	0.5	500	2500	s0	Neuropixels 1.0 (thick-shank NP1.0-S/ST variant) site, LF band	AP337	337	0.0
LF338	SEEG	µV	0.5	500	2500	s0	Neuropixels 1.0 (thick-shank NP1.0-S/ST variant) site, LF band	AP338	338	0.08333333333333333
LF339	SEEG	µV	0.5	500	2500	s0	Neuropixels 1.0 (thick-shank NP1.0-S/ST variant) site, LF band	AP339	339	0.08333333333333333
LF340	SEEG	µV	0.5	500	2500	s0	Neuropixels 1.0 (thick-shank NP1.0-S/ST variant) site, LF band	AP340	340	0.16666666666666666
LF341	SEEG	µV	0.5	500	2500	s0	Neuropixels 1.0 (thick-shank NP1.0-S/ST variant) site, LF band	AP341	341	0.16666666666666666
LF342	SEEG	µV	0.5	500	2500	s0	Neuropixels 1.0 (thick-shank NP1.0-S/ST variant) site, LF band	AP342	342	0.25
LF343	SEEG	µV	0.5	500	2500	s0	Neuropixels 1.0 (thick-shank NP1.0-S/ST variant) site, LF band	AP343	343	0.25
LF344	SEEG	µV	0.5	500	2500	s0	Neuropixels 1.0 (thick-shank NP1.0-S/ST variant) site, LF band	AP344	344	0.3333333333333333
LF345	SEEG	µV	0.5	500	2500	s0	Neuropixels 1.0 (thick-shank NP1.0-S/ST variant) site, LF band	AP345	345	0.3333333333333333
LF346	SEEG	µV	0.5	500	2500	s0	Neuropixels 1.0 (thick-shank NP1.0-S/ST variant) site, LF band	AP346	346	0.4166666666666667
LF347	SEEG	µV	0.5	500	2500	s0	Neuropixels 1.0 (thick-shank NP1.0-S/ST variant) site, LF band	AP347	347	0.4166666666666667
LF348	SEEG	µV	0.5	500	2500	s0	Neuropixels 1.0 (thick-shank NP1.0-S/ST variant) site, LF band	AP348	348	0.5
LF349	SEEG	µV	0.5	500	2500	s0	Neuropixels 1.0 (thick-shank NP1.0-S/ST variant) site, LF band	AP349	349	0.5
LF350	SEEG	µV	0.5	500	2500	s0	Neuropixels 1.0 (thick-shank NP1.0-S/ST variant) site, LF band	AP350	350	0.5833333333333334
LF351	SEEG	µV	0.5	500	2500	s0	Neuropixels 1.0 (thick-shank NP1.0-S/ST variant) site, LF band	AP351	351	0.5833333333333334
LF352	SEEG	µV	0.5	500	2500	s0	Neuropixels 1.0 (thick-shank NP1.0-S/ST variant) site, LF band	AP352	352	0.6666666666666666
LF353	SEEG	µV	0.5	500	2500	s0	Neuropixels 1.0 (thick-shank NP1.0-S/ST variant) site, LF band	AP353	353	0.6666666666666666
LF354	SEEG	µV	0.5	500	2500	s0	Neuropixels 1.0 (thick-shank NP1.0-S/ST variant) site, LF band	AP354	354	0.75
LF355	SEEG	µV	0.5	500	2500	s0	Neuropixels 1.0 (thick-shank NP1.0-S/ST variant) site, LF band	AP355	355	0.75
LF356	SEEG	µV	0.5	500	2500	s0	Neuropixels 1.0 (thick-shank NP1.0-S/ST variant) site, LF band	AP356	356	0.8333333333333334
LF357	SEEG	µV	0.5	500	2500	s0	Neuropixels 1.0 (thick-shank NP1.0-S/ST variant) site, LF band	AP357	357	0.8333333333333334
LF358	SEEG	µV	0.5	500	2500	s0	Neuropixels 1.0 (thick-shank NP1.0-S/ST variant) site, LF band	AP358	358	0.9166666666666666
LF359	SEEG	µV	0.5	500	2500	s0	Neuropixels 1.0 (thick-shank NP1.0-S/ST variant) site, LF band	AP359	359	0.9166666666666666
LF360	SEEG	µV	0.5	500	2500	s0	Neuropixels 1.0 (thick-shank NP1.0-S/ST variant) site, LF band	AP360	360	0.0
LF361	SEEG	µV	0.5	500	2500	s0	Neuropixels 1.0 (thick-shank NP1.0-S/ST variant) site, LF band	AP361	361	0.0
LF362	SEEG	µV	0.5	500	2500	s0	Neuropixels 1.0 (thick-shank NP1.0-S/ST variant) site, LF band	AP362	362	0.08333333333333333
LF363	SEEG	µV	0.5	500	2500	s0	Neuropixels 1.0 (thick-shank NP1.0-S/ST variant) site, LF band	AP363	363	0.08333333333333333
LF364	SEEG	µV	0.5	500	2500	s0	Neuropixels 1.0 (thick-shank NP1.0-S/ST variant) site, LF band	AP364	364	0.16666666666666666
LF365	SEEG	µV	0.5	500	2500	s0	Neuropixels 1.0 (thick-shank NP1.0-S/ST variant) site, LF band	AP365	365	0.16666666666666666
LF366	SEEG	µV	0.5	500	2500	s0	Neuropixels 1.0 (thick-shank NP1.0-S/ST variant) site, LF band	AP366	366	0.25
LF367	SEEG	µV	0.5	500	2500	s0	Neuropixels 1.0 (thick-shank NP1.0-S/ST variant) site, LF band	AP367	367	0.25
LF368	SEEG	µV	0.5	500	2500	s0	Neuropixels 1.0 (thick-shank NP1.0-S/ST variant) site, LF band	AP368	368	0.3333333333333333
LF369	SEEG	µV	0.5	500	2500	s0	Neuropixels 1.0 (thick-shank NP1.0-S/ST variant) site, LF band	AP369	369	0.3333333333333333
LF370	SEEG	µV	0.5	500	2500	s0	Neuropixels 1.0 (thick-shank NP1.0-S/ST variant) site, LF band	AP370	370	0.4166666666666667
LF371	SEEG	µV	0.5	500	2500	s0	Neuropixels 1.0 (thick-shank NP1.0-S/ST variant) site, LF band	AP371	371	0.4166666666666667
LF372	SEEG	µV	0.5	500	2500	s0	Neuropixels 1.0 (thick-shank NP1.0-S/ST variant) site, LF band	AP372	372	0.5
LF373	SEEG	µV	0.5	500	2500	s0	Neuropixels 1.0 (thick-shank NP1.0-S/ST variant) site, LF band	AP373	373	0.5
LF374	SEEG	µV	0.5	500	2500	s0	Neuropixels 1.0 (thick-shank NP1.0-S/ST variant) site, LF band	AP374	374	0.5833333333333334
LF375	SEEG	µV	0.5	500	2500	s0	Neuropixels 1.0 (thick-shank NP1.0-S/ST variant) site, LF band	AP375	375	0.5833333333333334
LF376	SEEG	µV	0.5	500	2500	s0	Neuropixels 1.0 (thick-shank NP1.0-S/ST variant) site, LF band	AP376	376	0.6666666666666666
LF377	SEEG	µV	0.5	500	2500	s0	Neuropixels 1.0 (thick-shank NP1.0-S/ST variant) site, LF band	AP377	377	0.6666666666666666
LF378	SEEG	µV	0.5	500	2500	s0	Neuropixels 1.0 (thick-shank NP1.0-S/ST variant) site, LF band	AP378	378	0.75
LF379	SEEG	µV	0.5	500	2500	s0	Neuropixels 1.0 (thick-shank NP1.0-S/ST variant) site, LF band	AP379	379	0.75
LF380	SEEG	µV	0.5	500	2500	s0	Neuropixels 1.0 (thick-shank NP1.0-S/ST variant) site, LF band	AP380	380	0.8333333333333334
LF381	SEEG	µV	0.5	500	2500	s0	Neuropixels 1.0 (thick-shank NP1.0-S/ST variant) site, LF band	AP381	381	0.8333333333333334
LF382	SEEG	µV	0.5	500	2500	s0	Neuropixels 1.0 (thick-shank NP1.0-S/ST variant) site, LF band	AP382	382	0.9166666666666666
LF383	SEEG	µV	0.5	500	2500	s0	Neuropixels 1.0 (thick-shank NP1.0-S/ST variant) site, LF band	AP383	383	0.9166666666666666
